"OBJECTID","ID_0","ISO","NAME_0","ID_1","NAME_1","ID_2","NAME_2","HASC_2","CCN_2","CCA_2","TYPE_2","ENGTYPE_2","NL_NAME_2","VARNAME_2"
1,250,"VNM","Vietnam",1,"Ðà N<U+1EB5>ng",1,"C<U+1EA9>m L<U+1EC7>","VN.DA.CL",NA,"","Qu<U+1EAD>n","Urban District","","Cam Le"
2,250,"VNM","Vietnam",1,"Ðà N<U+1EB5>ng",2,"H<U+1EA3>i Châu","VN.DA.HC",NA,"","Huy<U+1EC7>n","District","","Hai Chau"
3,250,"VNM","Vietnam",1,"Ðà N<U+1EB5>ng",3,"Hoà Vang","VN.DA.HV",NA,"","Huy<U+1EC7>n","District","","Hoa Vang"
4,250,"VNM","Vietnam",1,"Ðà N<U+1EB5>ng",4,"Liên Chi<U+1EC3>u","VN.DA.LC",NA,"","Huy<U+1EC7>n","District","","Lien Chieu"
5,250,"VNM","Vietnam",1,"Ðà N<U+1EB5>ng",5,"Ngu Hành Son","VN.DA.NH",NA,"","Huy<U+1EC7>n","District","","Ngu Hanh Son"
6,250,"VNM","Vietnam",1,"Ðà N<U+1EB5>ng",6,"Son Trà","VN.DA.ST",NA,"","Huy<U+1EC7>n","District","","Son Tra"
7,250,"VNM","Vietnam",1,"Ðà N<U+1EB5>ng",7,"Thanh Khê","VN.DA.TK",NA,"","Huy<U+1EC7>n","District","","Thanh Khe"
8,250,"VNM","Vietnam",2,"Ð<U+1ED3>ng Nai",8,"Ð<U+1ECB>nh Quán","VN.DN.DQ",NA,"","Huy<U+1EC7>n","District","","Dinh Quan"
9,250,"VNM","Vietnam",2,"Ð<U+1ED3>ng Nai",9,"Bien Hoa","VN.DN.BH",NA,"","Than Pho","City","",""
10,250,"VNM","Vietnam",2,"Ð<U+1ED3>ng Nai",10,"C<U+1EA9>m M<U+1EF9>","VN.DN.CM",NA,"","Huy<U+1EC7>n","District","",""
11,250,"VNM","Vietnam",2,"Ð<U+1ED3>ng Nai",11,"Long Khánh","VN.DN.LK",NA,"","Huy<U+1EC7>n","District","","Long Khanh"
12,250,"VNM","Vietnam",2,"Ð<U+1ED3>ng Nai",12,"Long Thành","VN.DN.LT",NA,"","Huy<U+1EC7>n","District","","Long Thanh"
13,250,"VNM","Vietnam",2,"Ð<U+1ED3>ng Nai",13,"Nhon Tr<U+1EA1>ch","VN.DN.NT",NA,"","Huy<U+1EC7>n","District","","Nhon Trach"
14,250,"VNM","Vietnam",2,"Ð<U+1ED3>ng Nai",14,"Tân Phú","VN.DN.TP",NA,"","Huy<U+1EC7>n","District","","Tan Phu"
15,250,"VNM","Vietnam",2,"Ð<U+1ED3>ng Nai",15,"Th<U+1ED1>ng Nh<U+1EA5>t","VN.DN.TN",NA,"","Huy<U+1EC7>n","District","","Thong Nhat"
16,250,"VNM","Vietnam",2,"Ð<U+1ED3>ng Nai",16,"Tr<U+1EA3>ng Bom","VN.DN.TB",NA,"","Huy<U+1EC7>n","District","","Trang Bom"
17,250,"VNM","Vietnam",2,"Ð<U+1ED3>ng Nai",17,"Vinh C<U+1EED>u","VN.DN.VC",NA,"","Huy<U+1EC7>n","District","","Vinh Cuu"
18,250,"VNM","Vietnam",2,"Ð<U+1ED3>ng Nai",18,"Xuân L<U+1ED9>c","VN.DN.XL",NA,"","Huy<U+1EC7>n","District","","Xuan Loc"
19,250,"VNM","Vietnam",3,"Ð<U+1ED3>ng Tháp",19,"Cao Lãnh","VN.DT.CH",NA,"","Huy<U+1EC7>n","District","","Cao Lanh"
20,250,"VNM","Vietnam",3,"Ð<U+1ED3>ng Tháp",20,"Cao Lanh","VN.DT.CH",NA,"","Huy<U+1EC7>n","District","",""
21,250,"VNM","Vietnam",3,"Ð<U+1ED3>ng Tháp",21,"Châu Thành","VN.DT.CT",NA,"","Huy<U+1EC7>n","District","","Chau Thanh"
22,250,"VNM","Vietnam",3,"Ð<U+1ED3>ng Tháp",22,"H<U+1ED3>ng Ng<U+1EF1>","VN.DT.HN",NA,"","Huy<U+1EC7>n","District","","Hong Ngu"
23,250,"VNM","Vietnam",3,"Ð<U+1ED3>ng Tháp",23,"Lai Vung","VN.DT.LV",NA,"","Huy<U+1EC7>n","District","","Lai Vung"
24,250,"VNM","Vietnam",3,"Ð<U+1ED3>ng Tháp",24,"L<U+1EA5>p Vò","VN.DT.LP",NA,"","Huy<U+1EC7>n","District","","Lap Vo"
25,250,"VNM","Vietnam",3,"Ð<U+1ED3>ng Tháp",25,"Sa Ðéc","VN.DT.SD",NA,"","Thi xa","Township","","Sa Dec"
26,250,"VNM","Vietnam",3,"Ð<U+1ED3>ng Tháp",26,"Tân H<U+1ED3>ng","VN.DT.TH",NA,"","Huy<U+1EC7>n","District","","Tan Hong"
27,250,"VNM","Vietnam",3,"Ð<U+1ED3>ng Tháp",27,"Tam Nông","VN.DT.TN",NA,"","Huy<U+1EC7>n","District","","Tam Nong"
28,250,"VNM","Vietnam",3,"Ð<U+1ED3>ng Tháp",28,"Tháp Mu<U+1EDD>i","VN.DT.TM",NA,"","Huy<U+1EC7>n","District","","Thap Muoi"
29,250,"VNM","Vietnam",3,"Ð<U+1ED3>ng Tháp",29,"Thanh Bình","VN.DT.TB",NA,"","Huy<U+1EC7>n","District","","Thanh Binh"
30,250,"VNM","Vietnam",4,"Ðak Nông",30,"Ðak Glong","",NA,"","Huy<U+1EC7>n","District","",""
31,250,"VNM","Vietnam",4,"Ðak Nông",31,"Ðak Mil","VN.DO.DM",NA,"","Huy<U+1EC7>n","District","","Dak Mil"
32,250,"VNM","Vietnam",4,"Ðak Nông",32,"Ðak R'L<U+1EA5>p","VN.DO.DR",NA,"","Huy<U+1EC7>n","District","","Dak Rlap"
33,250,"VNM","Vietnam",4,"Ðak Nông",33,"Cu Jút","VN.DO.CJ",NA,"","Huy<U+1EC7>n","District","","Cu Jut"
34,250,"VNM","Vietnam",4,"Ðak Nông",34,"Dak Song","VN.DO.DS",NA,"","Huy<U+1EC7>n","District","",""
35,250,"VNM","Vietnam",4,"Ðak Nông",35,"Krông Nô","VN.DO.KN",NA,"","Huy<U+1EC7>n","District","","Krong No"
36,250,"VNM","Vietnam",4,"Ðak Nông",36,"Tuy Ð<U+1EE9>c","",NA,"","Huy<U+1EC7>n","District","",""
37,250,"VNM","Vietnam",5,"Ð<U+1EAF>k L<U+1EAF>k",37,"Buôn Ðôn","VN.DC.BD",NA,"","Huy<U+1EC7>n","District","","Buon Don"
38,250,"VNM","Vietnam",5,"Ð<U+1EAF>k L<U+1EAF>k",38,"Buon Ma Thuot","VN.DC.BM",NA,"","Than Pho","City","",""
39,250,"VNM","Vietnam",5,"Ð<U+1EAF>k L<U+1EAF>k",39,"Cu M'gar","VN.DC.CM",NA,"","Huy<U+1EC7>n","District","","Cu M'gar"
40,250,"VNM","Vietnam",5,"Ð<U+1EAF>k L<U+1EAF>k",40,"Ea H'leo","VN.DC.EH",NA,"","Huy<U+1EC7>n","District","","Ea H'leo"
41,250,"VNM","Vietnam",5,"Ð<U+1EAF>k L<U+1EAF>k",41,"Ea Kar","VN.DC.EK",NA,"","Huy<U+1EC7>n","District","",""
42,250,"VNM","Vietnam",5,"Ð<U+1EAF>k L<U+1EAF>k",42,"Ea Súp","VN.DC.ES",NA,"","Huy<U+1EC7>n","District","","Ea Sup"
43,250,"VNM","Vietnam",5,"Ð<U+1EAF>k L<U+1EAF>k",43,"Krông Ana","VN.DC.KA",NA,"","Huy<U+1EC7>n","District","","Krong Ana"
44,250,"VNM","Vietnam",5,"Ð<U+1EAF>k L<U+1EAF>k",44,"Krông Bông","VN.DC.KB",NA,"","Huy<U+1EC7>n","District","","Krong Bong"
45,250,"VNM","Vietnam",5,"Ð<U+1EAF>k L<U+1EAF>k",45,"Krông Buk","VN.DC.KK",NA,"","Huy<U+1EC7>n","District","","Krong Buk"
46,250,"VNM","Vietnam",5,"Ð<U+1EAF>k L<U+1EAF>k",46,"Krông Nang","VN.DC.KN",NA,"","Huy<U+1EC7>n","District","","Krong Nang"
47,250,"VNM","Vietnam",5,"Ð<U+1EAF>k L<U+1EAF>k",47,"Krông P<U+1EAF>k","VN.DC.KP",NA,"","Huy<U+1EC7>n","District","","Krong Pac |Krong Pak"
48,250,"VNM","Vietnam",5,"Ð<U+1EAF>k L<U+1EAF>k",48,"Lak","VN.DC.LA",NA,"","Huy<U+1EC7>n","District","","Lak"
49,250,"VNM","Vietnam",5,"Ð<U+1EAF>k L<U+1EAF>k",49,"M'Ðrak","VN.DC.MD",NA,"","Huy<U+1EC7>n","District","","M'Drak"
50,250,"VNM","Vietnam",6,"Ði<U+1EC7>n Biên",50,"Ði<U+1EC7>n Biên Ðông","VN.DB.DD",NA,"","Huy<U+1EC7>n","District","","Dien Bien Dong"
51,250,"VNM","Vietnam",6,"Ði<U+1EC7>n Biên",51,"Ði<U+1EC7>n Biên","VN.DB.DB",NA,"","Huy<U+1EC7>n","District","","Dien Bien"
52,250,"VNM","Vietnam",6,"Ði<U+1EC7>n Biên",52,"Ðiên Biên Ph<U+1EE7>","VN.DB.DP ",NA,"","Than Pho","City","","Dien Bien Phu"
53,250,"VNM","Vietnam",6,"Ði<U+1EC7>n Biên",53,"Mu<U+1EDD>ng Chà","VN.DB.MC",NA,"","Huy<U+1EC7>n","District","","Muong Cha"
54,250,"VNM","Vietnam",6,"Ði<U+1EC7>n Biên",54,"Mu<U+1EDD>ng Lay","VN.DB.ML",NA,"","Thi xa","Township","","Muong Lay"
55,250,"VNM","Vietnam",6,"Ði<U+1EC7>n Biên",55,"Mu<U+1EDD>ng Nhé","VN.DB.MN",NA,"","Huy<U+1EC7>n","District","","My Tho"
56,250,"VNM","Vietnam",6,"Ði<U+1EC7>n Biên",56,"T<U+1EE7>a Chùa","VN.DB.TC",NA,"","Huy<U+1EC7>n","District","","Tua Chua"
57,250,"VNM","Vietnam",6,"Ði<U+1EC7>n Biên",57,"Tu<U+1EA7>n Giáo","VN.DB.TG",NA,"","Huy<U+1EC7>n","District","","Tuan Giao"
58,250,"VNM","Vietnam",7,"An Giang",58,"An Phú","VN.AG.AP",NA,"","Huy<U+1EC7>n","District","","An Phu"
59,250,"VNM","Vietnam",7,"An Giang",59,"Châu Phú","VN.AG.CP",NA,"","Huy<U+1EC7>n","District","","Chau Phu"
60,250,"VNM","Vietnam",7,"An Giang",60,"Châu Thành","VN.AG.CT",NA,"","Huy<U+1EC7>n","District","","Chau Thanh"
61,250,"VNM","Vietnam",7,"An Giang",61,"Ch<U+1EE3> M<U+1EDB>i","VN.AG.CM",NA,"","Huy<U+1EC7>n","District","","Cho Moi"
62,250,"VNM","Vietnam",7,"An Giang",62,"Chau Doc","VN.AG.CD",NA,"","Thi xa","Township","",""
63,250,"VNM","Vietnam",7,"An Giang",63,"Long Xuyen Township","VN.AG.LX",NA,"","Than Pho","City","","Long Xuyen"
64,250,"VNM","Vietnam",7,"An Giang",64,"Phú Tân","VN.AG.PT",NA,"","Huy<U+1EC7>n","District","","Phu Tan"
65,250,"VNM","Vietnam",7,"An Giang",65,"Tân Châu","VN.AG.TC",NA,"","Huy<U+1EC7>n","District","","Tan Chau"
66,250,"VNM","Vietnam",7,"An Giang",66,"T<U+1ECB>nh Biên","VN.AG.TB",NA,"","Huy<U+1EC7>n","District","","Tinh Bien"
67,250,"VNM","Vietnam",7,"An Giang",67,"Tho<U+1EA1>i Son","VN.AG.TS",NA,"","Huy<U+1EC7>n","District","","Thoai Son"
68,250,"VNM","Vietnam",7,"An Giang",68,"Tri Tôn","VN.AG.TT",NA,"","Huy<U+1EC7>n","District","","Tri Ton"
69,250,"VNM","Vietnam",8,"Bà R<U+1ECB>a - Vung Tàu",69,"Ð<U+1EA5>t Ð<U+1ECF>","VN.BV.DD",NA,"","Huy<U+1EC7>n","District","","Dat Do"
70,250,"VNM","Vietnam",8,"Bà R<U+1ECB>a - Vung Tàu",70,"Ba Ria","VN.BV.BR",NA,"","Thi xa","Township","",""
71,250,"VNM","Vietnam",8,"Bà R<U+1ECB>a - Vung Tàu",71,"Côn Ð<U+1EA3>o","VN.BV.CO",NA,"","Huy<U+1EC7>n","District","","Con Dao"
72,250,"VNM","Vietnam",8,"Bà R<U+1ECB>a - Vung Tàu",72,"Châu Ð<U+1EE9>c","VN.BV.CC",NA,"","Huy<U+1EC7>n","District","","Chau Duc"
73,250,"VNM","Vietnam",8,"Bà R<U+1ECB>a - Vung Tàu",73,"Long Ði<U+1EC1>n","VN.BV.LD",NA,"","Huy<U+1EC7>n","District","","Long Dien"
74,250,"VNM","Vietnam",8,"Bà R<U+1ECB>a - Vung Tàu",74,"Tân Thành","VN.BV.TT",NA,"","Huy<U+1EC7>n","District","","Tan Thanh"
75,250,"VNM","Vietnam",8,"Bà R<U+1ECB>a - Vung Tàu",75,"Vung Tàu","VN.BV.VT",NA,"","Huy<U+1EC7>n","District","","Vung Tau"
76,250,"VNM","Vietnam",8,"Bà R<U+1ECB>a - Vung Tàu",76,"Xuyên M<U+1ED9>c","VN.BV.XM",NA,"","Huy<U+1EC7>n","District","","Xuyen Moc"
77,250,"VNM","Vietnam",9,"Bình Ð<U+1ECB>nh",77,"An Lão","VN.BD.AL",NA,"","Huy<U+1EC7>n","District","","An Lao"
78,250,"VNM","Vietnam",9,"Bình Ð<U+1ECB>nh",78,"An Nhon","VN.BD.AN",NA,"","Huy<U+1EC7>n","District","","An Nhon"
79,250,"VNM","Vietnam",9,"Bình Ð<U+1ECB>nh",79,"Hoài Ân","VN.BD.HA",NA,"","Huy<U+1EC7>n","District","","Hoai an"
80,250,"VNM","Vietnam",9,"Bình Ð<U+1ECB>nh",80,"Hoài Nhon","VN.BD.HN",NA,"","Huy<U+1EC7>n","District","","Hoai Nhon"
81,250,"VNM","Vietnam",9,"Bình Ð<U+1ECB>nh",81,"Phù Cát","VN.BD.PC",NA,"","Huy<U+1EC7>n","District","","Phu Cat"
82,250,"VNM","Vietnam",9,"Bình Ð<U+1ECB>nh",82,"Phù M<U+1EF9>","VN.BD.PM",NA,"","Huy<U+1EC7>n","District","","Phu My"
83,250,"VNM","Vietnam",9,"Bình Ð<U+1ECB>nh",83,"Qui Nhon","VN.BD.QN",NA,"","Than Pho","City","","Quy Nhon |Qui Nhon"
84,250,"VNM","Vietnam",9,"Bình Ð<U+1ECB>nh",84,"Tây Son","VN.BD.TS",NA,"","Huy<U+1EC7>n","District","","Tay Son"
85,250,"VNM","Vietnam",9,"Bình Ð<U+1ECB>nh",85,"Tuy Phu<U+1EDB>c","VN.BD.TP",NA,"","Huy<U+1EC7>n","District","","Tuy Phuoc"
86,250,"VNM","Vietnam",9,"Bình Ð<U+1ECB>nh",86,"Vinh Th<U+1EA1>nh","VN.BD.VT",NA,"","Huy<U+1EC7>n","District","","Vinh Thanh"
87,250,"VNM","Vietnam",9,"Bình Ð<U+1ECB>nh",87,"Van Canh","VN.BD.VC",NA,"","Huy<U+1EC7>n","District","",""
88,250,"VNM","Vietnam",10,"Bình Duong",88,"B<U+1EBF>n Cát","VN.BI.BC",NA,"","Huy<U+1EC7>n","District","","Ben Cat"
89,250,"VNM","Vietnam",10,"Bình Duong",89,"Dau Tieng","VN.BI.DT",NA,"","Huy<U+1EC7>n","District","",""
90,250,"VNM","Vietnam",10,"Bình Duong",90,"Di An","VN.BI.DA",NA,"","Huy<U+1EC7>n","District","",""
91,250,"VNM","Vietnam",10,"Bình Duong",91,"Phú Giáo","VN.BI.PG",NA,"","Huy<U+1EC7>n","District","","Phu Giao"
92,250,"VNM","Vietnam",10,"Bình Duong",92,"Tân Uyên","VN.BI.TU",NA,"","Huy<U+1EC7>n","District","","Tan Uyen"
93,250,"VNM","Vietnam",10,"Bình Duong",93,"Th<U+1EE7> D<U+1EA7>u M<U+1ED9>t","VN.BI.TD",NA,"","Huy<U+1EC7>n","District","","Thu Dau Mot"
94,250,"VNM","Vietnam",10,"Bình Duong",94,"Thu<U+1EAD>n An","VN.BI.TA",NA,"","Huy<U+1EC7>n","District","","Thuan An"
95,250,"VNM","Vietnam",11,"Bình Phu<U+1EDB>c",95,"Ð<U+1ED3>ng Phù","VN.BP.DP",NA,"","Huy<U+1EC7>n","District","","Dong Phu"
96,250,"VNM","Vietnam",11,"Bình Phu<U+1EDB>c",96,"Bình Long","VN.BP.BL",NA,"","Huy<U+1EC7>n","District","","Binh Long"
97,250,"VNM","Vietnam",11,"Bình Phu<U+1EDB>c",97,"Bù Ðang","VN.BP.BD",NA,"","Huy<U+1EC7>n","District","","Bu Dang"
98,250,"VNM","Vietnam",11,"Bình Phu<U+1EDB>c",98,"Bu Dop","VN.BP.BP",NA,"","Huy<U+1EC7>n","District","",""
99,250,"VNM","Vietnam",11,"Bình Phu<U+1EDB>c",99,"Chon Thành","VN.BP.CT",NA,"","Huy<U+1EC7>n","District","","Chon Thanh"
100,250,"VNM","Vietnam",11,"Bình Phu<U+1EDB>c",100,"Dong Xoai","VN.BP.DX",NA,"","Thi xa","Township","",""
101,250,"VNM","Vietnam",11,"Bình Phu<U+1EDB>c",101,"L<U+1ED9>c Ninh","VN.BP.LN",NA,"","Huy<U+1EC7>n","District","","Loc Ninh"
102,250,"VNM","Vietnam",11,"Bình Phu<U+1EDB>c",102,"Phu<U+1EDB>c Long","VN.BP.PL",NA,"","Huy<U+1EC7>n","District","","Phuoc Long"
103,250,"VNM","Vietnam",12,"Bình Thu<U+1EAD>n",103,"Ð<U+1EE9>c Linh","VN.BU.DL",NA,"","Huy<U+1EC7>n","District","","Duc Linh"
104,250,"VNM","Vietnam",12,"Bình Thu<U+1EAD>n",104,"B<U+1EAF>c Bình","VN.BU.BB",NA,"","Huy<U+1EC7>n","District","","Bac Binh"
105,250,"VNM","Vietnam",12,"Bình Thu<U+1EAD>n",105,"Hàm Tân","VN.BU.HT",NA,"","Huy<U+1EC7>n","District","","Ham Tan"
106,250,"VNM","Vietnam",12,"Bình Thu<U+1EAD>n",106,"Hàm Thu<U+1EAD>n B<U+1EAF>c","VN.BU.HB",NA,"","Huy<U+1EC7>n","District","","Ham Thuan Bac"
107,250,"VNM","Vietnam",12,"Bình Thu<U+1EAD>n",107,"Hàm Thu<U+1EAD>n Nam","VN.BU.HN",NA,"","Huy<U+1EC7>n","District","","Ham Thuan Nam"
108,250,"VNM","Vietnam",12,"Bình Thu<U+1EAD>n",108,"La Gi","",NA,"","Huy<U+1EC7>n","District","",""
109,250,"VNM","Vietnam",12,"Bình Thu<U+1EAD>n",109,"Phan Thi<U+1EBF>t","VN.BU.PT",NA,"","Than Pho","City","","Phan Thiet"
110,250,"VNM","Vietnam",12,"Bình Thu<U+1EAD>n",110,"Phú Quý","VN.BU.PQ",NA,"","Huy<U+1EC7>n","Island","","Phu Qui|Phu Quy"
111,250,"VNM","Vietnam",12,"Bình Thu<U+1EAD>n",111,"Tanh Linh","VN.BU.TL",NA,"","Huy<U+1EC7>n","District","",""
112,250,"VNM","Vietnam",12,"Bình Thu<U+1EAD>n",112,"Tuy Phong","VN.BU.TP",NA,"","Huy<U+1EC7>n","District","",""
113,250,"VNM","Vietnam",13,"B<U+1EA1>c Liêu",113,"Ðông H<U+1EA3>i","VN.BL.DH",NA,"","Huy<U+1EC7>n","District","","Dong Hai"
114,250,"VNM","Vietnam",13,"B<U+1EA1>c Liêu",114,"B<U+1EA1>c Liêu","VN.BL.BL",NA,"","Thi xa","Township","","Bac Lieu"
115,250,"VNM","Vietnam",13,"B<U+1EA1>c Liêu",115,"Giá Rai","VN.BL.GR",NA,"","Huy<U+1EC7>n","District","","Gia Rai"
116,250,"VNM","Vietnam",13,"B<U+1EA1>c Liêu",116,"H<U+1ED3>ng Dân","VN.BL.HD",NA,"","Huy<U+1EC7>n","District","","Hong Dan"
117,250,"VNM","Vietnam",13,"B<U+1EA1>c Liêu",117,"Hòa Bình","",NA,"","Thi xa","Township","","Hoa Binh"
118,250,"VNM","Vietnam",13,"B<U+1EA1>c Liêu",118,"Phu<U+1EDB>c Long","VN.BL.PL",NA,"","Huy<U+1EC7>n","District","","Phuoc Long"
119,250,"VNM","Vietnam",13,"B<U+1EA1>c Liêu",119,"Vinh L<U+1EE3>i","VN.BL.VL",NA,"","Huy<U+1EC7>n","District","","Vinh Loi"
120,250,"VNM","Vietnam",14,"B<U+1EAF>c Giang",120,"B<U+1EAF>c Giang","VN.BG.BG",NA,"","Thi xa","Township","","Bac Giang"
121,250,"VNM","Vietnam",14,"B<U+1EAF>c Giang",121,"Hi<U+1EC7>p Hòa","VN.BG.HH",NA,"","Huy<U+1EC7>n","District","","Hiep Hoa"
122,250,"VNM","Vietnam",14,"B<U+1EAF>c Giang",122,"L<U+1EE5>c Nam","VN.BG.LM",NA,"","Huy<U+1EC7>n","District","","Luc Nam"
123,250,"VNM","Vietnam",14,"B<U+1EAF>c Giang",123,"L<U+1EE5>c Ng<U+1EA1>n","VN.BG.LN",NA,"","Huy<U+1EC7>n","District","","Luc Ngan"
124,250,"VNM","Vietnam",14,"B<U+1EAF>c Giang",124,"L<U+1EA1>ng Giang","VN.BG.LG",NA,"","Huy<U+1EC7>n","District","","Lang Giang"
125,250,"VNM","Vietnam",14,"B<U+1EAF>c Giang",125,"Son Ð<U+1ED9>ng","VN.BG.SD",NA,"","Huy<U+1EC7>n","District","","Son Dong"
126,250,"VNM","Vietnam",14,"B<U+1EAF>c Giang",126,"Tân Yên","VN.BG.TY",NA,"","Huy<U+1EC7>n","District","","Tan Yen"
127,250,"VNM","Vietnam",14,"B<U+1EAF>c Giang",127,"Vi<U+1EC7>t Yên","VN.BG.VY",NA,"","Huy<U+1EC7>n","District","","Viet Yen"
128,250,"VNM","Vietnam",14,"B<U+1EAF>c Giang",128,"Yên Dung","VN.BG.YD",NA,"","Huy<U+1EC7>n","District","","Yen Dung"
129,250,"VNM","Vietnam",14,"B<U+1EAF>c Giang",129,"Yên Th<U+1EBF>","VN.BG.YT",NA,"","Huy<U+1EC7>n","District","","Yen The"
130,250,"VNM","Vietnam",15,"B<U+1EAF>c K<U+1EA1>n",130,"Ba B<U+1EC3>","VN.BK.BB",NA,"","Huy<U+1EC7>n","District","","Ba Be"
131,250,"VNM","Vietnam",15,"B<U+1EAF>c K<U+1EA1>n",131,"Bac Kan","VN.BK.BK",NA,"","Thi xa","Township","","Bac Kan"
132,250,"VNM","Vietnam",15,"B<U+1EAF>c K<U+1EA1>n",132,"B<U+1EA1>ch Thông","VN.BK.BT",NA,"","Huy<U+1EC7>n","District","","Bach Thong"
133,250,"VNM","Vietnam",15,"B<U+1EAF>c K<U+1EA1>n",133,"Ch<U+1EE3> Ð<U+1ED3>n","VN.BK.CD",NA,"","Huy<U+1EC7>n","District","","Cho Don"
134,250,"VNM","Vietnam",15,"B<U+1EAF>c K<U+1EA1>n",134,"Ch<U+1EE3> M<U+1EDB>i","VN.BK.CM",NA,"","Huy<U+1EC7>n","District","","Cho Moi"
135,250,"VNM","Vietnam",15,"B<U+1EAF>c K<U+1EA1>n",135,"Na Ri","VN.BK.NR",NA,"","Huy<U+1EC7>n","District","",""
136,250,"VNM","Vietnam",15,"B<U+1EAF>c K<U+1EA1>n",136,"Ngân Son","VN.BK.NS",NA,"","Huy<U+1EC7>n","District","","Ngan Son"
137,250,"VNM","Vietnam",15,"B<U+1EAF>c K<U+1EA1>n",137,"Pác N<U+1EB7>m","VN.BK.PN",NA,"","Huy<U+1EC7>n","District","","Pac Nam"
138,250,"VNM","Vietnam",16,"B<U+1EAF>c Ninh",138,"B<U+1EAF>c Ninh","VN.BN.BN",NA,"","Thi xa","Township","","Bac Ninh"
139,250,"VNM","Vietnam",16,"B<U+1EAF>c Ninh",139,"Gia Bình","VN.BN.GB",NA,"","Huy<U+1EC7>n","District","","Gia Binh"
140,250,"VNM","Vietnam",16,"B<U+1EAF>c Ninh",140,"Luong Tài","VN.BN.LT",NA,"","Huy<U+1EC7>n","District","","Luong Tai"
141,250,"VNM","Vietnam",16,"B<U+1EAF>c Ninh",141,"Qu<U+1EBF> Võ","VN.BN.QV",NA,"","Huy<U+1EC7>n","District","","Que Vo"
142,250,"VNM","Vietnam",16,"B<U+1EAF>c Ninh",142,"T<U+1EEB> Son","VN.BN.TS",NA,"","Huy<U+1EC7>n","District","","Tu Son"
143,250,"VNM","Vietnam",16,"B<U+1EAF>c Ninh",143,"Thu<U+1EAD>n Thành","VN.BN.TT",NA,"","Huy<U+1EC7>n","District","","Thuan Thanh"
144,250,"VNM","Vietnam",16,"B<U+1EAF>c Ninh",144,"Tiên Du","VN.BN.TD",NA,"","Huy<U+1EC7>n","District","","Tien Du"
145,250,"VNM","Vietnam",16,"B<U+1EAF>c Ninh",145,"Yên Phong","VN.BN.YP",NA,"","Huy<U+1EC7>n","District","","Yen Phong"
146,250,"VNM","Vietnam",17,"B<U+1EBF>n Tre",146,"Ba Tri","VN.BR.BA",NA,"","Huy<U+1EC7>n","District","",""
147,250,"VNM","Vietnam",17,"B<U+1EBF>n Tre",147,"Bình Ð<U+1EA1>i","VN.BR.BD",NA,"","Huy<U+1EC7>n","District","","Binh Dai"
148,250,"VNM","Vietnam",17,"B<U+1EBF>n Tre",148,"B<U+1EBF>n Tre","VN.BR.BE",NA,"","Thi xa","Township","","Ben Tre"
149,250,"VNM","Vietnam",17,"B<U+1EBF>n Tre",149,"Châu Thành","VN.BR.CT",NA,"","Huy<U+1EC7>n","District","","Chau Thanh"
150,250,"VNM","Vietnam",17,"B<U+1EBF>n Tre",150,"Ch<U+1EE3> Lách","VN.BR.CL",NA,"","Huy<U+1EC7>n","District","","Cho Lach"
151,250,"VNM","Vietnam",17,"B<U+1EBF>n Tre",151,"Gi<U+1ED3>ng Trôm","VN.BR.GT",NA,"","Huy<U+1EC7>n","District","","Giong Trom"
152,250,"VNM","Vietnam",17,"B<U+1EBF>n Tre",152,"M<U+1ECF> Cày","VN.BR.MC",NA,"","Huy<U+1EC7>n","District","","Mo Cay"
153,250,"VNM","Vietnam",17,"B<U+1EBF>n Tre",153,"Th<U+1EA1>nh Phú","VN.BR.TP",NA,"","Huy<U+1EC7>n","District","","Thanh Phu"
154,250,"VNM","Vietnam",18,"Cà Mau",154,"Ð<U+1EA7>m Doi","VN.CM.DD",NA,"","Huy<U+1EC7>n","District","","Dam Doi"
155,250,"VNM","Vietnam",18,"Cà Mau",155,"Cà Mau","VN.CM.CM",NA,"","Than Pho","City","","Ca Mau"
156,250,"VNM","Vietnam",18,"Cà Mau",156,"Cái Nu<U+1EDB>c","VN.CM.CN",NA,"","Huy<U+1EC7>n","District","","Cai Nuoc"
157,250,"VNM","Vietnam",18,"Cà Mau",157,"Nam Can","VN.CM.NC",NA,"","Huy<U+1EC7>n","District","","Nam Can"
158,250,"VNM","Vietnam",18,"Cà Mau",158,"Ng<U+1ECD>c Hi<U+1EC3>n","VN.CM.NH",NA,"","Huy<U+1EC7>n","District","","Ngoc Hien"
159,250,"VNM","Vietnam",18,"Cà Mau",159,"Phú Tân","VN.CM.PT",NA,"","Huy<U+1EC7>n","District","","Phu Tan"
160,250,"VNM","Vietnam",18,"Cà Mau",160,"Th<U+1EDB>i Bình","VN.CM.TB",NA,"","Huy<U+1EC7>n","District","","Thoi Binh"
161,250,"VNM","Vietnam",18,"Cà Mau",161,"Tr<U+1EA7>n Van Th<U+1EDD>i","VN.CM.TV",NA,"","Huy<U+1EC7>n","District","","Tran Van Thoi"
162,250,"VNM","Vietnam",18,"Cà Mau",162,"U Minh","VN.CM.UM",NA,"","Huy<U+1EC7>n","District","","U Minh"
163,250,"VNM","Vietnam",19,"Cao B<U+1EB1>ng",163,"B<U+1EA3>o Lâm","VN.CB.BM",NA,"","Huy<U+1EC7>n","District","","Bao Lam"
164,250,"VNM","Vietnam",19,"Cao B<U+1EB1>ng",164,"B<U+1EA3>o L<U+1EA1>c","VN.CB.BC",NA,"","Huy<U+1EC7>n","District","","Bao Lac"
165,250,"VNM","Vietnam",19,"Cao B<U+1EB1>ng",165,"Cao B<U+1EB1>ng","VN.CB.CB",NA,"","Thi xa","Township","","Cao Bang"
166,250,"VNM","Vietnam",19,"Cao B<U+1EB1>ng",166,"Hà Qu<U+1EA3>ng","VN.CB.HQ",NA,"","Huy<U+1EC7>n","District","","Ha Quang"
167,250,"VNM","Vietnam",19,"Cao B<U+1EB1>ng",167,"H<U+1EA1> Lang","VN.CB.HL",NA,"","Huy<U+1EC7>n","District","","Ha Lang"
168,250,"VNM","Vietnam",19,"Cao B<U+1EB1>ng",168,"Hoà An","VN.CB.HA",NA,"","Huy<U+1EC7>n","District","","Hoa An"
169,250,"VNM","Vietnam",19,"Cao B<U+1EB1>ng",169,"Nguyên Bình","VN.CB.NB",NA,"","Huy<U+1EC7>n","District","","Nguyen Binh"
170,250,"VNM","Vietnam",19,"Cao B<U+1EB1>ng",170,"Ph<U+1EE5>c Hòa","VN.CB.PH",NA,"","Huy<U+1EC7>n","District","","Phuc Hoa"
171,250,"VNM","Vietnam",19,"Cao B<U+1EB1>ng",171,"Qu<U+1EA3>ng Yên","VN.CB.QY",NA,"","Huy<U+1EC7>n","District","","Quang Yen"
172,250,"VNM","Vietnam",19,"Cao B<U+1EB1>ng",172,"Thông Nông","VN.CB.TN",NA,"","Huy<U+1EC7>n","District","","Thong Nong"
173,250,"VNM","Vietnam",19,"Cao B<U+1EB1>ng",173,"Th<U+1EA1>ch An","VN.CB.TA",NA,"","Huy<U+1EC7>n","District","","Thach An"
174,250,"VNM","Vietnam",19,"Cao B<U+1EB1>ng",174,"Trà Linh","VN.CB.TL",NA,"","Huy<U+1EC7>n","District","","Tra Linh"
175,250,"VNM","Vietnam",19,"Cao B<U+1EB1>ng",175,"Trùng Khánh","VN.CB.TK",NA,"","Huy<U+1EC7>n","District","","Trung Khanh"
176,250,"VNM","Vietnam",20,"C<U+1EA7>n Tho",176,"Ô Môn","VN.CN.OM",NA,"","Huy<U+1EC7>n","District","","o Mon"
177,250,"VNM","Vietnam",20,"C<U+1EA7>n Tho",177,"Bình Th<U+1EE7>y","VN.CN.BT",NA,"","Huy<U+1EC7>n","District","","Binh Thuy"
178,250,"VNM","Vietnam",20,"C<U+1EA7>n Tho",178,"Cái Rang","VN.CN.CR",NA,"","Qu<U+1EAD>n","Urban District","","Cai Rang"
179,250,"VNM","Vietnam",20,"C<U+1EA7>n Tho",179,"C<U+1EDD> Ð<U+1ECF>","VN.CN.CD",NA,"","Huy<U+1EC7>n","District","","Co Do"
180,250,"VNM","Vietnam",20,"C<U+1EA7>n Tho",180,"Ninh Ki<U+1EC1>u","VN.CN.NK",NA,"","Qu<U+1EAD>n","Urban District","","Ninh Kieu"
181,250,"VNM","Vietnam",20,"C<U+1EA7>n Tho",181,"Phong Ði<U+1EC1>n","VN.CN.PD",NA,"","Huy<U+1EC7>n","District","","Phong Dien"
182,250,"VNM","Vietnam",20,"C<U+1EA7>n Tho",182,"Th<U+1ED1>t N<U+1ED1>t","VN.CN.TN",NA,"","Huy<U+1EC7>n","District","","Thot Not"
183,250,"VNM","Vietnam",20,"C<U+1EA7>n Tho",183,"Vinh Th<U+1EA1>nh","VN.CN.VT",NA,"","Huy<U+1EC7>n","District","","Vinh Thanh"
184,250,"VNM","Vietnam",21,"Gia Lai",184,"Ð<U+1EE9>c Co","VN.GL.DC",NA,"","Huy<U+1EC7>n","District","","Duc Co"
185,250,"VNM","Vietnam",21,"Gia Lai",185,"Ð<U+1EAF>k Ðoa","VN.GL.DD",NA,"","Huy<U+1EC7>n","District","","Dak Doa"
186,250,"VNM","Vietnam",21,"Gia Lai",186,"Ð<U+1EAF>k Po","VN.GL.DP",NA,"","Huy<U+1EC7>n","District","","Dak Po"
187,250,"VNM","Vietnam",21,"Gia Lai",187,"An Khê","VN.GL.AK",NA,"","Thi xa","Township","","An Khe"
188,250,"VNM","Vietnam",21,"Gia Lai",188,"Ayun Pa","VN.GL.AP",NA,"","Huy<U+1EC7>n","District","",""
189,250,"VNM","Vietnam",21,"Gia Lai",189,"Chu Pah","VN.GL.CH",NA,"","Huy<U+1EC7>n","District","","Chu Pah"
190,250,"VNM","Vietnam",21,"Gia Lai",190,"Chu Prông","VN.GL.CG",NA,"","Huy<U+1EC7>n","District","","Chu Prong"
191,250,"VNM","Vietnam",21,"Gia Lai",191,"Chu Sê","VN.GL.CS",NA,"","Huy<U+1EC7>n","District","","Chu Se"
192,250,"VNM","Vietnam",21,"Gia Lai",192,"Ia Grai","VN.GL.IG",NA,"","Huy<U+1EC7>n","District","","Ia Grai"
193,250,"VNM","Vietnam",21,"Gia Lai",193,"Ia Pa","VN.GL.IP",NA,"","Huy<U+1EC7>n","District","",""
194,250,"VNM","Vietnam",21,"Gia Lai",194,"K'Bang","VN.GL.KB",NA,"","Huy<U+1EC7>n","District","","Kbang"
195,250,"VNM","Vietnam",21,"Gia Lai",195,"Kông Chro","VN.GL.KC",NA,"","Huy<U+1EC7>n","District","","Kong Chro"
196,250,"VNM","Vietnam",21,"Gia Lai",196,"Krông Pa","VN.GL.KP",NA,"","Huy<U+1EC7>n","District","","Krong Pa"
197,250,"VNM","Vietnam",21,"Gia Lai",197,"Mang Yang","VN.GL.MY",NA,"","Huy<U+1EC7>n","District","",""
198,250,"VNM","Vietnam",21,"Gia Lai",198,"Phú Thi<U+1EC7>n","",NA,"","Huy<U+1EC7>n","District","",""
199,250,"VNM","Vietnam",21,"Gia Lai",199,"Pleiku","VN.GL.PL",NA,"","Than Pho","City","",""
200,250,"VNM","Vietnam",22,"Hà Giang",200,"Ð<U+1ED3>ng Van","VN.HG.DV",NA,"","Huy<U+1EC7>n","District","","Dong Van"
201,250,"VNM","Vietnam",22,"Hà Giang",201,"B<U+1EAF>c Mê","VN.HG.BM",NA,"","Huy<U+1EC7>n","District","","Bac Me"
202,250,"VNM","Vietnam",22,"Hà Giang",202,"B<U+1EAF>c Quang","VN.HG.BQ",NA,"","Huy<U+1EC7>n","District","","Bac Quang"
203,250,"VNM","Vietnam",22,"Hà Giang",203,"Hà Giang","VN.HG.HG",NA,"","Thi xa","Township","","Ha Giang"
204,250,"VNM","Vietnam",22,"Hà Giang",204,"Hoàng Su Phì","VN.HG.HS",NA,"","Huy<U+1EC7>n","District","","Hoang Su Phi"
205,250,"VNM","Vietnam",22,"Hà Giang",205,"Mèo V<U+1EA1>c","VN.HG.MV",NA,"","Huy<U+1EC7>n","District","","Meo Vac"
206,250,"VNM","Vietnam",22,"Hà Giang",206,"Quang Bình","VN.HG.QG",NA,"","Huy<U+1EC7>n","District","",""
207,250,"VNM","Vietnam",22,"Hà Giang",207,"Qu<U+1EA3>n B<U+1EA1>","VN.HG.QB",NA,"","Huy<U+1EC7>n","District","","Quan Ba"
208,250,"VNM","Vietnam",22,"Hà Giang",208,"V<U+1ECB> Xuyên","VN.HG.VX",NA,"","Huy<U+1EC7>n","District","","Vi Xuyen"
209,250,"VNM","Vietnam",22,"Hà Giang",209,"Xín M<U+1EA7>n","VN.HG.XM",NA,"","Huy<U+1EC7>n","District","","Xin Man"
210,250,"VNM","Vietnam",22,"Hà Giang",210,"Yên Minh","VN.HG.YM",NA,"","Huy<U+1EC7>n","District","","Yen Minh"
211,250,"VNM","Vietnam",23,"Hà N<U+1ED9>i",211,"<U+1EE8>ng Hoà","VN.HA.UH",NA,"","Huy<U+1EC7>n","District","","Ung Hoa"
212,250,"VNM","Vietnam",23,"Hà N<U+1ED9>i",212,"Ðông Anh","VN.HN.DA",NA,"","Huy<U+1EC7>n","District","","Dong Anh"
213,250,"VNM","Vietnam",23,"Hà N<U+1ED9>i",213,"Ð<U+1ED1>ng Ða","VN.HN.DD",NA,"","Qu<U+1EAD>n","Urban District","","Dong Da"
214,250,"VNM","Vietnam",23,"Hà N<U+1ED9>i",214,"Ðan Phu<U+1EE3>ng","VN.HA.DP",NA,"","Huy<U+1EC7>n","District","","Dan Phuong"
215,250,"VNM","Vietnam",23,"Hà N<U+1ED9>i",215,"Ba Ðình","VN.HN.BD",NA,"","Huy<U+1EC7>n","District","","Ba Dinh"
216,250,"VNM","Vietnam",23,"Hà N<U+1ED9>i",216,"Ba Vi","VN.HA.BV",NA,"","Huy<U+1EC7>n","District","",""
217,250,"VNM","Vietnam",23,"Hà N<U+1ED9>i",217,"C<U+1EA7>u Gi<U+1EA5>y","VN.HN.CG",NA,"","Huy<U+1EC7>n","District","","Cau Giay"
218,250,"VNM","Vietnam",23,"Hà N<U+1ED9>i",218,"Chuong M<U+1EF9>","VN.HA.CM",NA,"","Huy<U+1EC7>n","District","","Chuong My"
219,250,"VNM","Vietnam",23,"Hà N<U+1ED9>i",219,"Gia Lâm","VN.HN.GL",NA,"","Huy<U+1EC7>n","District","","Gia Lam"
220,250,"VNM","Vietnam",23,"Hà N<U+1ED9>i",220,"Hà Ðông","VN.HA.HG ",NA,"","Thi xa","Township","","Ha Dong"
221,250,"VNM","Vietnam",23,"Hà N<U+1ED9>i",221,"Hai Bà Trung","VN.HN.HB",NA,"","Huy<U+1EC7>n","District","","Hai Ba Trung"
222,250,"VNM","Vietnam",23,"Hà N<U+1ED9>i",222,"Hoài Ð<U+1EE9>c","VN.HA.HC",NA,"","Huy<U+1EC7>n","District","","Hoai Duc"
223,250,"VNM","Vietnam",23,"Hà N<U+1ED9>i",223,"Hoàn Ki<U+1EBF>m","VN.HN.HK",NA,"","Huy<U+1EC7>n","District","","Hoan Kiem"
224,250,"VNM","Vietnam",23,"Hà N<U+1ED9>i",224,"Hoàng Mai","VN.HN.HM",NA,"","Qu<U+1EAD>n","Urban District","","Hoang Mai"
225,250,"VNM","Vietnam",23,"Hà N<U+1ED9>i",225,"Kim Bôi","VN.HO.KB",NA,"","Huy<U+1EC7>n","District","","Kim Boi"
226,250,"VNM","Vietnam",23,"Hà N<U+1ED9>i",226,"Luong Son","VN.HO.LG",NA,"","Huy<U+1EC7>n","District","","Luong Son"
227,250,"VNM","Vietnam",23,"Hà N<U+1ED9>i",227,"Long Biên","VN.HN.LB",NA,"","Qu<U+1EAD>n","Urban District","","Long Bien"
228,250,"VNM","Vietnam",23,"Hà N<U+1ED9>i",228,"M<U+1EF9> Ð<U+1EE9>c","VN.HA.MD",NA,"","Huy<U+1EC7>n","District","","My Duc"
229,250,"VNM","Vietnam",23,"Hà N<U+1ED9>i",229,"Mê Linh","VN.VC.ML",NA,"","Huy<U+1EC7>n","District","","Me Linh"
230,250,"VNM","Vietnam",23,"Hà N<U+1ED9>i",230,"Phú Xuyên","VN.HA.PX",NA,"","Huy<U+1EC7>n","District","","Phu Xuyen"
231,250,"VNM","Vietnam",23,"Hà N<U+1ED9>i",231,"Phúc Th<U+1ECD>","VN.HA.PT",NA,"","Huy<U+1EC7>n","District","","Phuc Tho"
232,250,"VNM","Vietnam",23,"Hà N<U+1ED9>i",232,"Qu<U+1ED1>c Oai","VN.HA.QO",NA,"","Huy<U+1EC7>n","District","","Quoc Oai"
233,250,"VNM","Vietnam",23,"Hà N<U+1ED9>i",233,"Sóc Son","VN.HN.SS",NA,"","Huy<U+1EC7>n","District","","Soc Son"
234,250,"VNM","Vietnam",23,"Hà N<U+1ED9>i",234,"Son Tây","VN.HA.ST",NA,"","Thi xa","Township","","Son Tay"
235,250,"VNM","Vietnam",23,"Hà N<U+1ED9>i",235,"Tây H<U+1ED3>","VN.HN.TH",NA,"","Huy<U+1EC7>n","District","","Tay Ho"
236,250,"VNM","Vietnam",23,"Hà N<U+1ED9>i",236,"T<U+1EEB> Liêm","VN.HN.TL",NA,"","Huy<U+1EC7>n","District","","Tu Liem"
237,250,"VNM","Vietnam",23,"Hà N<U+1ED9>i",237,"Thu<U+1EDD>ng Tín","VN.HA.TN",NA,"","Huy<U+1EC7>n","District","","Thuong Tin"
238,250,"VNM","Vietnam",23,"Hà N<U+1ED9>i",238,"Thanh Oai","VN.HA.TO",NA,"","Huy<U+1EC7>n","District","",""
239,250,"VNM","Vietnam",23,"Hà N<U+1ED9>i",239,"Thanh Trì","VN.HN.TT",NA,"","Huy<U+1EC7>n","District","","Thanh Tri"
240,250,"VNM","Vietnam",23,"Hà N<U+1ED9>i",240,"Thanh Xuân","VN.HN.TX",NA,"","Huy<U+1EC7>n","District","","Thanh Xuan"
241,250,"VNM","Vietnam",23,"Hà N<U+1ED9>i",241,"Th<U+1EA1>ch Th<U+1EA5>t","VN.HA.TH",NA,"","Huy<U+1EC7>n","District","","Thach That"
242,250,"VNM","Vietnam",24,"Hà Nam",242,"Bình L<U+1EE5>c","VN.HM.BL",NA,"","Huy<U+1EC7>n","District","","Binh Luc"
243,250,"VNM","Vietnam",24,"Hà Nam",243,"Duy Tiên","VN.HM.DT",NA,"","Huy<U+1EC7>n","District","","Duy Tien"
244,250,"VNM","Vietnam",24,"Hà Nam",244,"Kim B<U+1EA3>ng","VN.HM.KB",NA,"","Huy<U+1EC7>n","District","","Kim Bang"
245,250,"VNM","Vietnam",24,"Hà Nam",245,"Lý Nhân","VN.HM.LN",NA,"","Huy<U+1EC7>n","District","","Ly Nhan"
246,250,"VNM","Vietnam",24,"Hà Nam",246,"Ph<U+1EE7> Lý","VN.HM.PL",NA,"","Thi xa","Township","","Phu Ly"
247,250,"VNM","Vietnam",24,"Hà Nam",247,"Thanh Liêm","VN.HM.TL",NA,"","Huy<U+1EC7>n","District","","Thanh Liem"
248,250,"VNM","Vietnam",25,"Hà Tinh",248,"Ð<U+1EE9>c Th<U+1ECD>","VN.HT.DT",NA,"","Huy<U+1EC7>n","District","","Duc Tho"
249,250,"VNM","Vietnam",25,"Hà Tinh",249,"Can L<U+1ED9>c","VN.HT.CL",NA,"","Huy<U+1EC7>n","District","","Can Loc"
250,250,"VNM","Vietnam",25,"Hà Tinh",250,"C<U+1EA9>m Xuyên","VN.HT.CX",NA,"","Huy<U+1EC7>n","District","","Cam Xuyen"
251,250,"VNM","Vietnam",25,"Hà Tinh",251,"Hà Tinh","VN.HT.HT",NA,"","Thi xa","Township","",""
252,250,"VNM","Vietnam",25,"Hà Tinh",252,"H<U+1ED3>ng Linh","VN.HT.HL",NA,"","Thi xa","Township","","Hong Linh"
253,250,"VNM","Vietnam",25,"Hà Tinh",253,"Huong Khê","VN.HT.HK",NA,"","Huy<U+1EC7>n","District","","Huong Khe"
254,250,"VNM","Vietnam",25,"Hà Tinh",254,"Huong Son","VN.HT.HS",NA,"","Huy<U+1EC7>n","District","","Huong Son"
255,250,"VNM","Vietnam",25,"Hà Tinh",255,"K<U+1EF3> Anh","VN.HT.KA",NA,"","Huy<U+1EC7>n","District","","Ky Anh"
256,250,"VNM","Vietnam",25,"Hà Tinh",256,"Nghi Xuân","VN.HT.NX",NA,"","Huy<U+1EC7>n","District","","Nghi Xuan"
257,250,"VNM","Vietnam",25,"Hà Tinh",257,"Th<U+1EA1>ch Hà","VN.HT.TH",NA,"","Huy<U+1EC7>n","District","","Thach Ha"
258,250,"VNM","Vietnam",25,"Hà Tinh",258,"Vu Quang","VN.HT.VQ",NA,"","Huy<U+1EC7>n","District","","Vu Quang"
259,250,"VNM","Vietnam",26,"H<U+1ED3> Chí Minh city",259,"Bình Chánh","VN.HC.BC",NA,"","Huy<U+1EC7>n","District","","Binh Chanh"
260,250,"VNM","Vietnam",26,"H<U+1ED3> Chí Minh city",260,"Bình Th<U+1EA1>nh","VN.HC.BH",NA,"","Qu<U+1EAD>n","Urban District","","Binh Thanh"
261,250,"VNM","Vietnam",26,"H<U+1ED3> Chí Minh city",261,"Binh Tan","VN.HC.BT",NA,"","Qu<U+1EAD>n","Urban District","",""
262,250,"VNM","Vietnam",26,"H<U+1ED3> Chí Minh city",262,"C<U+1EE7> Chi","VN.HC.CC",NA,"","Huy<U+1EC7>n","District","","Cu Chi"
263,250,"VNM","Vietnam",26,"H<U+1ED3> Chí Minh city",263,"C<U+1EA7>n Gi<U+1EDD>","VN.HC.CG",NA,"","Huy<U+1EC7>n","District","","Can Gio"
264,250,"VNM","Vietnam",26,"H<U+1ED3> Chí Minh city",264,"Gò V<U+1EA5>p","VN.HC.GV",NA,"","Qu<U+1EAD>n","Urban District","","Go Vap"
265,250,"VNM","Vietnam",26,"H<U+1ED3> Chí Minh city",265,"Hóc Môn","VN.HC.HM",NA,"","Huy<U+1EC7>n","District","","Hoc Mon"
266,250,"VNM","Vietnam",26,"H<U+1ED3> Chí Minh city",266,"Nhà Bè","VN.HC.NB",NA,"","Huy<U+1EC7>n","District","","Nha Be"
267,250,"VNM","Vietnam",26,"H<U+1ED3> Chí Minh city",267,"Phú Nhu<U+1EAD>n","VN.HC.PN",NA,"","Qu<U+1EAD>n","Urban District","","Phu Nhuan"
268,250,"VNM","Vietnam",26,"H<U+1ED3> Chí Minh city",268,"Qu<U+1EAD>n 10","VN.HC.QJ",NA,"","Qu<U+1EAD>n","Urban District","","10"
269,250,"VNM","Vietnam",26,"H<U+1ED3> Chí Minh city",269,"Qu<U+1EAD>n 11","VN.HC.QK",NA,"","Qu<U+1EAD>n","Urban District","","11"
270,250,"VNM","Vietnam",26,"H<U+1ED3> Chí Minh city",270,"Qu<U+1EAD>n 12","VN.HC.QL",NA,"","Qu<U+1EAD>n","Urban District","","12"
271,250,"VNM","Vietnam",26,"H<U+1ED3> Chí Minh city",271,"Qu<U+1EAD>n 1","VN.HC.QA",NA,"","Qu<U+1EAD>n","Urban District","","1"
272,250,"VNM","Vietnam",26,"H<U+1ED3> Chí Minh city",272,"Qu<U+1EAD>n 2","VN.HC.QB",NA,"","Qu<U+1EAD>n","Urban District","","2"
273,250,"VNM","Vietnam",26,"H<U+1ED3> Chí Minh city",273,"Qu<U+1EAD>n 3","VN.HC.QC",NA,"","Qu<U+1EAD>n","Urban District","","3"
274,250,"VNM","Vietnam",26,"H<U+1ED3> Chí Minh city",274,"Qu<U+1EAD>n 4","VN.HC.QD",NA,"","Qu<U+1EAD>n","Urban District","","4"
275,250,"VNM","Vietnam",26,"H<U+1ED3> Chí Minh city",275,"Qu<U+1EAD>n 5","VN.HC.QE",NA,"","Qu<U+1EAD>n","Urban District","","5"
276,250,"VNM","Vietnam",26,"H<U+1ED3> Chí Minh city",276,"Qu<U+1EAD>n 6","VN.HC.QF",NA,"","Qu<U+1EAD>n","Urban District","","6"
277,250,"VNM","Vietnam",26,"H<U+1ED3> Chí Minh city",277,"Qu<U+1EAD>n 7","VN.HC.QG",NA,"","Qu<U+1EAD>n","Urban District","","7"
278,250,"VNM","Vietnam",26,"H<U+1ED3> Chí Minh city",278,"Qu<U+1EAD>n 8","VN.HC.QH",NA,"","Qu<U+1EAD>n","Urban District","","8"
279,250,"VNM","Vietnam",26,"H<U+1ED3> Chí Minh city",279,"Qu<U+1EAD>n 9","VN.HC.QI",NA,"","Qu<U+1EAD>n","Urban District","","9"
280,250,"VNM","Vietnam",26,"H<U+1ED3> Chí Minh city",280,"Tân Bình","VN.HC.TB",NA,"","Qu<U+1EAD>n","Urban District","","Tan Binh"
281,250,"VNM","Vietnam",26,"H<U+1ED3> Chí Minh city",281,"Tan Phu","VN.HC.TP",NA,"","Qu<U+1EAD>n","Urban District","",""
282,250,"VNM","Vietnam",26,"H<U+1ED3> Chí Minh city",282,"Th<U+1EE7> Ð<U+1EE9>c","VN.HC.TD",NA,"","Qu<U+1EAD>n","Urban District","","Thu Duc"
283,250,"VNM","Vietnam",27,"Hòa Bình",283,"Ðà B<U+1EAF>c","VN.HO.DR",NA,"","Huy<U+1EC7>n","District","","Ðà R<U+1EAF>c| Da Bac"
284,250,"VNM","Vietnam",27,"Hòa Bình",284,"Cao Phong","VN.HO.CP",NA,"","Huy<U+1EC7>n","District","",""
285,250,"VNM","Vietnam",27,"Hòa Bình",285,"Hòa Bình","VN.HO.HB",NA,"","Thi xa","Township","","Hoa Binh"
286,250,"VNM","Vietnam",27,"Hòa Bình",286,"K<U+1EF3> Son","VN.HO.KS",NA,"","Huy<U+1EC7>n","District","","Ky Son"
287,250,"VNM","Vietnam",27,"Hòa Bình",287,"Kim Bôi","VN.HO.KB",NA,"","Huy<U+1EC7>n","District","","Kim Boi"
288,250,"VNM","Vietnam",27,"Hòa Bình",288,"Luong Son","VN.HO.LG",NA,"","Huy<U+1EC7>n","District","","Luong Son"
289,250,"VNM","Vietnam",27,"Hòa Bình",289,"L<U+1EA1>c Son","VN.HO.LC",NA,"","Huy<U+1EC7>n","District","","Lac Son"
290,250,"VNM","Vietnam",27,"Hòa Bình",290,"L<U+1EA1>c Thu<U+1EF7>","VN.HO.LT",NA,"","Huy<U+1EC7>n","District","","Lac Thuy"
291,250,"VNM","Vietnam",27,"Hòa Bình",291,"Mai Châu","VN.HO.MC",NA,"","Huy<U+1EC7>n","District","","Mai Chau"
292,250,"VNM","Vietnam",27,"Hòa Bình",292,"Tân L<U+1EA1>c","VN.HO.TL",NA,"","Huy<U+1EC7>n","District","","Tan Lac"
293,250,"VNM","Vietnam",27,"Hòa Bình",293,"Yên Thu<U+1EF7>","VN.HO.YT",NA,"","Huy<U+1EC7>n","District","","Yen Thuy"
294,250,"VNM","Vietnam",28,"Hung Yên",294,"Ân Thi","VN.HY.AT",NA,"","Huy<U+1EC7>n","District","",""
295,250,"VNM","Vietnam",28,"Hung Yên",295,"Hung Yên","VN.HY.HY ",NA,"","Thi xa","Township","","Hung Yen"
296,250,"VNM","Vietnam",28,"Hung Yên",296,"Khoái Châu","VN.HY.KC",NA,"","Huy<U+1EC7>n","District","","Khoai Chau"
297,250,"VNM","Vietnam",28,"Hung Yên",297,"Kim Ð<U+1ED9>ng","VN.HY.KD",NA,"","Huy<U+1EC7>n","District","","Kim Dong"
298,250,"VNM","Vietnam",28,"Hung Yên",298,"M<U+1EF9> Hào","VN.HY.MH",NA,"","Huy<U+1EC7>n","District","","My Hao"
299,250,"VNM","Vietnam",28,"Hung Yên",299,"Phù C<U+1EEB>","VN.HY.PC",NA,"","Huy<U+1EC7>n","District","","Phu Cu"
300,250,"VNM","Vietnam",28,"Hung Yên",300,"Tiên L<U+1EEF>","VN.HY.TL",NA,"","Huy<U+1EC7>n","District","","Tien Lu"
301,250,"VNM","Vietnam",28,"Hung Yên",301,"Van Giang","VN.HY.VG",NA,"","Huy<U+1EC7>n","District","","Van Giang"
302,250,"VNM","Vietnam",28,"Hung Yên",302,"Van Lâm","VN.HY.VL",NA,"","Huy<U+1EC7>n","District","","Van Lam"
303,250,"VNM","Vietnam",28,"Hung Yên",303,"Yên M<U+1EF9>","VN.HY.YM",NA,"","Huy<U+1EC7>n","District","","Yen My"
304,250,"VNM","Vietnam",29,"H<U+1EA3>i Duong",304,"Bình Giang","VN.HD.BG",NA,"","Huy<U+1EC7>n","District","","Binh Giang"
305,250,"VNM","Vietnam",29,"H<U+1EA3>i Duong",305,"C<U+1EA9>m Giàng","VN.HD.CG",NA,"","Huy<U+1EC7>n","District","","Cam Giang"
306,250,"VNM","Vietnam",29,"H<U+1EA3>i Duong",306,"Chí Linh","VN.HD.CL",NA,"","Huy<U+1EC7>n","District","","Chi Linh"
307,250,"VNM","Vietnam",29,"H<U+1EA3>i Duong",307,"Gia L<U+1ED9>c","VN.HD.GL",NA,"","Huy<U+1EC7>n","District","","Gia Loc"
308,250,"VNM","Vietnam",29,"H<U+1EA3>i Duong",308,"H<U+1EA3>i Duong","VN.HD.HD",NA,"","Than Pho","City","","Hai Duong"
309,250,"VNM","Vietnam",29,"H<U+1EA3>i Duong",309,"Kim Thành","VN.HD.KT",NA,"","Huy<U+1EC7>n","District","","Kim Thanh"
310,250,"VNM","Vietnam",29,"H<U+1EA3>i Duong",310,"Kinh Môn","VN.HD.KM",NA,"","Huy<U+1EC7>n","District","","Kinh Mon"
311,250,"VNM","Vietnam",29,"H<U+1EA3>i Duong",311,"Nam Sách","VN.HD.NS",NA,"","Huy<U+1EC7>n","District","","Nam Sach"
312,250,"VNM","Vietnam",29,"H<U+1EA3>i Duong",312,"Ninh Giang","VN.HD.NG",NA,"","Huy<U+1EC7>n","District","","Ninh Giang"
313,250,"VNM","Vietnam",29,"H<U+1EA3>i Duong",313,"T<U+1EE9> K<U+1EF3>","VN.HD.TK",NA,"","Huy<U+1EC7>n","District","","Tu Ky"
314,250,"VNM","Vietnam",29,"H<U+1EA3>i Duong",314,"Thanh Hà","VN.HD.TH",NA,"","Huy<U+1EC7>n","District","","Thanh Ha"
315,250,"VNM","Vietnam",29,"H<U+1EA3>i Duong",315,"Thanh Mi<U+1EC7>n","VN.HD.TM",NA,"","Huy<U+1EC7>n","District","","Thanh Mien"
316,250,"VNM","Vietnam",30,"H<U+1EA3>i Phòng",316,"Ð<U+1ED3> Son","VN.HP.DS",NA,"","Thi xa","Township","","Do Son"
317,250,"VNM","Vietnam",30,"H<U+1EA3>i Phòng",317,"An Duong","VN.HP.AD",NA,"","Huy<U+1EC7>n","District","","An Duong"
318,250,"VNM","Vietnam",30,"H<U+1EA3>i Phòng",318,"An Lão","VN.HP.AL",NA,"","Huy<U+1EC7>n","District","","An Lao"
319,250,"VNM","Vietnam",30,"H<U+1EA3>i Phòng",319,"Bach Long Vi","VN.HP.BL",NA,"","Island","Island","",""
320,250,"VNM","Vietnam",30,"H<U+1EA3>i Phòng",320,"Cát H<U+1EA3>i","VN.HP.CH",NA,"","Huy<U+1EC7>n","District","","Cat Hai"
321,250,"VNM","Vietnam",30,"H<U+1EA3>i Phòng",321,"H<U+1ED3>ng Bàng","VN.HP.HB",NA,"","Huy<U+1EC7>n","District","","Hong Bang"
322,250,"VNM","Vietnam",30,"H<U+1EA3>i Phòng",322,"H<U+1EA3>i An","VN.HP.HA",NA,"","Qu<U+1EAD>n","Urban District","","Hai An"
323,250,"VNM","Vietnam",30,"H<U+1EA3>i Phòng",323,"Ki<U+1EBF>n An","VN.HP.KA",NA,"","Huy<U+1EC7>n","District","","Kien An"
324,250,"VNM","Vietnam",30,"H<U+1EA3>i Phòng",324,"Ki<U+1EBF>n Th<U+1EE5>y","VN.HP.KT",NA,"","Huy<U+1EC7>n","District","","Kien Thuy"
325,250,"VNM","Vietnam",30,"H<U+1EA3>i Phòng",325,"Lê Chân","VN.HP.LC",NA,"","Huy<U+1EC7>n","District","","Le Chan"
326,250,"VNM","Vietnam",30,"H<U+1EA3>i Phòng",326,"Ngô Quy<U+1EC1>n","VN.HP.NQ",NA,"","Huy<U+1EC7>n","District","","Ngo Quyen"
327,250,"VNM","Vietnam",30,"H<U+1EA3>i Phòng",327,"Th<U+1EE7>y Nguyên","VN.HP.TN",NA,"","Huy<U+1EC7>n","District","","Thuy Nguyen"
328,250,"VNM","Vietnam",30,"H<U+1EA3>i Phòng",328,"Tiên Lãng","VN.HP.TL",NA,"","Huy<U+1EC7>n","District","","Tien Lang"
329,250,"VNM","Vietnam",30,"H<U+1EA3>i Phòng",329,"Vinh B<U+1EA3>o","VN.HP.VB",NA,"","Huy<U+1EC7>n","District","","Vinh Bao"
330,250,"VNM","Vietnam",31,"H<U+1EAD>u Giang",330,"Châu Thành A","VN.HU.CA",NA,"","Huy<U+1EC7>n","District","","Chau Thanh A"
331,250,"VNM","Vietnam",31,"H<U+1EAD>u Giang",331,"Châu Thành","VN.HU.CT",NA,"","Huy<U+1EC7>n","District","","Chau Thanh"
332,250,"VNM","Vietnam",31,"H<U+1EAD>u Giang",332,"Long M<U+1EF9>","VN.HU.LM",NA,"","Huy<U+1EC7>n","District","",""
333,250,"VNM","Vietnam",31,"H<U+1EAD>u Giang",333,"Ph<U+1EE5>ng Hi<U+1EC7>p","VN.HU.PH",NA,"","Huy<U+1EC7>n","District","","Phung Hiep"
334,250,"VNM","Vietnam",31,"H<U+1EAD>u Giang",334,"V<U+1ECB> Thanh","VN.HU.VY",NA,"","Huy<U+1EC7>n","District","","Vi Thuy"
335,250,"VNM","Vietnam",31,"H<U+1EAD>u Giang",335,"V<U+1ECB> Thu<U+1EF7>","VN.HU.VY",NA,"","Huy<U+1EC7>n","District","","Vi Thuy"
336,250,"VNM","Vietnam",32,"Khánh Hòa",336,"Cam Lâm","",NA,"","Huy<U+1EC7>n","District","",""
337,250,"VNM","Vietnam",32,"Khánh Hòa",337,"Cam Ranh","VN.KH.CR",NA,"","Thi xa","Township","",""
338,250,"VNM","Vietnam",32,"Khánh Hòa",338,"Diên Khánh","VN.KH.DK",NA,"","Huy<U+1EC7>n","District","","Dien Khanh"
339,250,"VNM","Vietnam",32,"Khánh Hòa",339,"Khánh Son","VN.KH.KS",NA,"","Huy<U+1EC7>n","District","","Khanh Son"
340,250,"VNM","Vietnam",32,"Khánh Hòa",340,"Khánh Vinh","VN.KH.KV",NA,"","Huy<U+1EC7>n","District","","Khanh Vinh"
341,250,"VNM","Vietnam",32,"Khánh Hòa",341,"Nha Trang","VN.KH.NT",NA,"","Than Pho","City","",""
342,250,"VNM","Vietnam",32,"Khánh Hòa",342,"Ninh Hòa","VN.KH.NH",NA,"","Huy<U+1EC7>n","District","","Ninh Hoa"
343,250,"VNM","Vietnam",32,"Khánh Hòa",343,"Van Ninh","VN.KH.VN",NA,"","Huy<U+1EC7>n","District","","Van Ninh"
344,250,"VNM","Vietnam",33,"Kiên Giang",344,"An Biên","VN.KG.AB",NA,"","Huy<U+1EC7>n","District","","An Bien"
345,250,"VNM","Vietnam",33,"Kiên Giang",345,"An Minh","VN.KG.AM",NA,"","Huy<U+1EC7>n","District","",""
346,250,"VNM","Vietnam",33,"Kiên Giang",346,"Châu Thành","VN.KG.CT",NA,"","Huy<U+1EC7>n","District","","Chau Thanh"
347,250,"VNM","Vietnam",33,"Kiên Giang",347,"Gò Quao","VN.KG.GQ",NA,"","Huy<U+1EC7>n","District","","Go Quao"
348,250,"VNM","Vietnam",33,"Kiên Giang",348,"Gi<U+1ED3>ng Ri<U+1EC1>ng","VN.KG.GR",NA,"","Huy<U+1EC7>n","District","","Giong Rieng"
349,250,"VNM","Vietnam",33,"Kiên Giang",349,"Hà Tiên","VN.KG.HT",NA,"","Thi xa","Township","","Ha Tien"
350,250,"VNM","Vietnam",33,"Kiên Giang",350,"Hòn Ð<U+1EA5>t","VN.KG.HD",NA,"","Huy<U+1EC7>n","District","","Hon Dat"
351,250,"VNM","Vietnam",33,"Kiên Giang",351,"Kiên H<U+1EA3>i","VN.KG.KH",NA,"","Huy<U+1EC7>n","District","","Kien Hai"
352,250,"VNM","Vietnam",33,"Kiên Giang",352,"Kiên Luong","VN.KG.KL",NA,"","Huy<U+1EC7>n","District","","Kien Luong"
353,250,"VNM","Vietnam",33,"Kiên Giang",353,"Phú Qu<U+1ED1>c","VN.KG.PQ",NA,"","Huy<U+1EC7>n","District","","Phu Quoc"
354,250,"VNM","Vietnam",33,"Kiên Giang",354,"R<U+1EA1>ch Giá","VN.KG.RG",NA,"","Thi xa","Township","","Rach Gia"
355,250,"VNM","Vietnam",33,"Kiên Giang",355,"Tân Hi<U+1EC7>p","VN.KG.TH",NA,"","Huy<U+1EC7>n","District","","Tan Hiep"
356,250,"VNM","Vietnam",33,"Kiên Giang",356,"U Minh Thu<U+1EE3>ng","",NA,"","Huy<U+1EC7>n","District","",""
357,250,"VNM","Vietnam",33,"Kiên Giang",357,"Vinh Thu<U+1EAD>n","VN.KG.VT",NA,"","Huy<U+1EC7>n","District","","Vinh Thuan"
358,250,"VNM","Vietnam",34,"Kon Tum",358,"Ðak Glei","VN.KT.DG",NA,"","Huy<U+1EC7>n","District","","Dak Glei"
359,250,"VNM","Vietnam",34,"Kon Tum",359,"Ðak Hà","VN.KT.DH",NA,"","Huy<U+1EC7>n","District","","Dak Ha"
360,250,"VNM","Vietnam",34,"Kon Tum",360,"Ðak Tô","VN.KT.DT",NA,"","Huy<U+1EC7>n","District","","Dak To"
361,250,"VNM","Vietnam",34,"Kon Tum",361,"Kon Plông","VN.KT.KP",NA,"","Huy<U+1EC7>n","District","","Kon Plong"
362,250,"VNM","Vietnam",34,"Kon Tum",362,"Kon R<U+1EAB>y","VN.KT.KR",NA,"","Huy<U+1EC7>n","District","","Kon Ray"
363,250,"VNM","Vietnam",34,"Kon Tum",363,"Kon Tum","VN.KT.KT",NA,"","Thi xa","Township","",""
364,250,"VNM","Vietnam",34,"Kon Tum",364,"Ng<U+1ECD>c H<U+1ED3>i","VN.KT.NH",NA,"","Huy<U+1EC7>n","District","","Ngoc Hoi"
365,250,"VNM","Vietnam",34,"Kon Tum",365,"Sa Th<U+1EA7>y","VN.KT.ST",NA,"","Huy<U+1EC7>n","District","","Sa Thay"
366,250,"VNM","Vietnam",34,"Kon Tum",366,"Tu Mo Rông","",NA,"","Huy<U+1EC7>n","District","",""
367,250,"VNM","Vietnam",35,"Lào Cai",367,"Bát Xát","VN.LO.BX",NA,"","Huy<U+1EC7>n","District","","Bat Xat"
368,250,"VNM","Vietnam",35,"Lào Cai",368,"B<U+1EAF>c Hà","VN.LO.BH",NA,"","Huy<U+1EC7>n","District","","Bac Ha"
369,250,"VNM","Vietnam",35,"Lào Cai",369,"B<U+1EA3>o Th<U+1EAF>ng","VN.LO.BT",NA,"","Huy<U+1EC7>n","District","","Bao Thang"
370,250,"VNM","Vietnam",35,"Lào Cai",370,"B<U+1EA3>o Yên","VN.LO.BY",NA,"","Huy<U+1EC7>n","District","","Bao Yen"
371,250,"VNM","Vietnam",35,"Lào Cai",371,"Lào Cai","VN.LO.LC ",NA,"","Than Pho","City","","Lao Cai"
372,250,"VNM","Vietnam",35,"Lào Cai",372,"Mu<U+1EDD>ng Khuong","VN.LO.MK",NA,"","Huy<U+1EC7>n","District","","Muong Khuong"
373,250,"VNM","Vietnam",35,"Lào Cai",373,"Sa Pa","VN.LO.SP",NA,"","Huy<U+1EC7>n","District","",""
374,250,"VNM","Vietnam",35,"Lào Cai",374,"Si Ma Cai","VN.LO.SM",NA,"","Huy<U+1EC7>n","District","",""
375,250,"VNM","Vietnam",35,"Lào Cai",375,"Van Bàn","VN.LO.VB",NA,"","Huy<U+1EC7>n","District","","Van Ban"
376,250,"VNM","Vietnam",36,"Lâm Ð<U+1ED3>ng",376,"Ðà L<U+1EA1>t","VN.LD.DL",NA,"","Than Pho","City","","Da Lat"
377,250,"VNM","Vietnam",36,"Lâm Ð<U+1ED3>ng",377,"Ð<U+1EE9>c Tr<U+1ECD>ng","VN.LD.DC",NA,"","Huy<U+1EC7>n","District","","Duc Trong"
378,250,"VNM","Vietnam",36,"Lâm Ð<U+1ED3>ng",378,"Ðon Duong","VN.LD.DD",NA,"","Huy<U+1EC7>n","District","","Don Duong"
379,250,"VNM","Vietnam",36,"Lâm Ð<U+1ED3>ng",379,"Ðam Rông","VN.LD.DR",NA,"","Huy<U+1EC7>n","District","","Dam Rong"
380,250,"VNM","Vietnam",36,"Lâm Ð<U+1ED3>ng",380,"Ð<U+1EA1> Huoai","VN.LD.DH",NA,"","Huy<U+1EC7>n","District","","Da Huoai"
381,250,"VNM","Vietnam",36,"Lâm Ð<U+1ED3>ng",381,"Ð<U+1EA1> T<U+1EBB>h","VN.LD.DT",NA,"","Huy<U+1EC7>n","District","","Da Teh"
382,250,"VNM","Vietnam",36,"Lâm Ð<U+1ED3>ng",382,"B<U+1EA3>o Lâm","VN.LD.BM",NA,"","Huy<U+1EC7>n","District","","Bao Lam"
383,250,"VNM","Vietnam",36,"Lâm Ð<U+1ED3>ng",383,"B<U+1EA3>o L<U+1ED9>c","VN.LD.BC",NA,"","Thi xa","Township","","Bao Loc"
384,250,"VNM","Vietnam",36,"Lâm Ð<U+1ED3>ng",384,"Cát Tiên","VN.LD.CT",NA,"","Huy<U+1EC7>n","District","","Cat Tien"
385,250,"VNM","Vietnam",36,"Lâm Ð<U+1ED3>ng",385,"Di Linh","VN.LD.DI",NA,"","Huy<U+1EC7>n","District","",""
386,250,"VNM","Vietnam",36,"Lâm Ð<U+1ED3>ng",386,"Lâm Hà","VN.LD.LH",NA,"","Huy<U+1EC7>n","District","","Lam Ha"
387,250,"VNM","Vietnam",36,"Lâm Ð<U+1ED3>ng",387,"L<U+1EA1>c Duong","VN.LD.LD",NA,"","Huy<U+1EC7>n","District","","Lac Duong"
388,250,"VNM","Vietnam",37,"Lai Châu",388,"Lai Châu","VN.LI.LC",NA,"","Thi xa","Township","","Lai Chau"
389,250,"VNM","Vietnam",37,"Lai Châu",389,"Mu<U+1EDD>ng Tè","VN.LI.MT",NA,"","Huy<U+1EC7>n","District","","Muong Te"
390,250,"VNM","Vietnam",37,"Lai Châu",390,"Phong Th<U+1ED5>","VN.LI.PT",NA,"","Huy<U+1EC7>n","District","","Phong Tho"
391,250,"VNM","Vietnam",37,"Lai Châu",391,"Sìn H<U+1ED3>","VN.LI.SH",NA,"","Huy<U+1EC7>n","District","","Sin Ho"
392,250,"VNM","Vietnam",37,"Lai Châu",392,"Tam Ðu<U+1EDD>ng","VN.LI.TD",NA,"","Huy<U+1EC7>n","District","","Tam Duong"
393,250,"VNM","Vietnam",37,"Lai Châu",393,"Thanh Uyen","VN.LI.TU",NA,"","Huy<U+1EC7>n","District","",""
394,250,"VNM","Vietnam",38,"L<U+1EA1>ng Son",394,"Ðình L<U+1EAD>p","VN.LS.DL",NA,"","Huy<U+1EC7>n","District","","Dinh Lap"
395,250,"VNM","Vietnam",38,"L<U+1EA1>ng Son",395,"Bình Gia","VN.LS.BG",NA,"","Huy<U+1EC7>n","District","","Binh Gia"
396,250,"VNM","Vietnam",38,"L<U+1EA1>ng Son",396,"B<U+1EAF>c Son","VN.LS.BS",NA,"","Huy<U+1EC7>n","District","","Bac Son"
397,250,"VNM","Vietnam",38,"L<U+1EA1>ng Son",397,"Cao L<U+1ED9>c","VN.LS.CA",NA,"","Huy<U+1EC7>n","District","","Cao Loc"
398,250,"VNM","Vietnam",38,"L<U+1EA1>ng Son",398,"Chi Lang","VN.LS.CH",NA,"","Huy<U+1EC7>n","District","","Chi Lang"
399,250,"VNM","Vietnam",38,"L<U+1EA1>ng Son",399,"H<U+1EEF>u Lung","VN.LS.HL",NA,"","Huy<U+1EC7>n","District","","Huu Lung"
400,250,"VNM","Vietnam",38,"L<U+1EA1>ng Son",400,"L<U+1ED9>c Bình","VN.LS.LB",NA,"","Huy<U+1EC7>n","District","","Loc Binh"
401,250,"VNM","Vietnam",38,"L<U+1EA1>ng Son",401,"L<U+1EA1>ng Son","VN.LS.LS",NA,"","Than Pho","City","","Langson"
402,250,"VNM","Vietnam",38,"L<U+1EA1>ng Son",402,"Tràng Ð<U+1ECB>nh","VN.LS.TD",NA,"","Huy<U+1EC7>n","District","","Trang Dinh"
403,250,"VNM","Vietnam",38,"L<U+1EA1>ng Son",403,"Vãn Lãng","VN.LS.VL",NA,"","Huy<U+1EC7>n","District","","Van Lang"
404,250,"VNM","Vietnam",38,"L<U+1EA1>ng Son",404,"Van Quan","VN.LS.VQ",NA,"","Huy<U+1EC7>n","District","","Van Quan"
405,250,"VNM","Vietnam",39,"Long An",405,"Ð<U+1EE9>c Hòa","VN.LA.DO",NA,"","Huy<U+1EC7>n","District","","Duc Hoa"
406,250,"VNM","Vietnam",39,"Long An",406,"Ð<U+1EE9>c Hu<U+1EC7>","VN.LA.DU",NA,"","Huy<U+1EC7>n","District","","Duc Hue"
407,250,"VNM","Vietnam",39,"Long An",407,"B<U+1EBF>n L<U+1EE9>c","VN.LA.BL",NA,"","Huy<U+1EC7>n","District","","Ben Luc"
408,250,"VNM","Vietnam",39,"Long An",408,"C<U+1EA7>n Ðu<U+1EDB>c","VN.LA.CD",NA,"","Huy<U+1EC7>n","District","","Can Duoc"
409,250,"VNM","Vietnam",39,"Long An",409,"C<U+1EA7>n Giu<U+1ED9>c","VN.LA.CG",NA,"","Huy<U+1EC7>n","District","","Can Giuoc"
410,250,"VNM","Vietnam",39,"Long An",410,"Châu Thành","VN.LA.CT",NA,"","Huy<U+1EC7>n","District","","Chau Thanh"
411,250,"VNM","Vietnam",39,"Long An",411,"M<U+1ED9>c Hóa","VN.LA.MH",NA,"","Huy<U+1EC7>n","District","","Moc Hoa"
412,250,"VNM","Vietnam",39,"Long An",412,"Tân An","VN.LA.TA",NA,"","Thi xa","Township","","Tan An"
413,250,"VNM","Vietnam",39,"Long An",413,"Tân Hung","VN.LA.TG",NA,"","Huy<U+1EC7>n","District","","Tan Hung"
414,250,"VNM","Vietnam",39,"Long An",414,"Tân Thành","VN.LA.TT",NA,"","Huy<U+1EC7>n","District","","Tan Thanh"
415,250,"VNM","Vietnam",39,"Long An",415,"Tân Tr<U+1EE5>","VN.LA.TR",NA,"","Huy<U+1EC7>n","District","","Tan Tru"
416,250,"VNM","Vietnam",39,"Long An",416,"Th<U+1EE7> Th<U+1EEB>a","VN.LA.TU",NA,"","Huy<U+1EC7>n","District","","Thu Thua"
417,250,"VNM","Vietnam",39,"Long An",417,"Thanh Hóa","VN.LA.TH",NA,"","Huy<U+1EC7>n","District","","Thanh Hoa"
418,250,"VNM","Vietnam",39,"Long An",418,"Vinh Hung","VN.LA.VH",NA,"","Huy<U+1EC7>n","District","","Vinh Hung"
419,250,"VNM","Vietnam",40,"Nam Ð<U+1ECB>nh",419,"Ý Yên","VN.ND.YY",NA,"","Huy<U+1EC7>n","District","","Y Yen"
420,250,"VNM","Vietnam",40,"Nam Ð<U+1ECB>nh",420,"Giao Th<U+1EE7>y","VN.ND.GT",NA,"","Huy<U+1EC7>n","District","","Giao Thuy"
421,250,"VNM","Vietnam",40,"Nam Ð<U+1ECB>nh",421,"H<U+1EA3>i H<U+1EAD>u","VN.ND.HH",NA,"","Huy<U+1EC7>n","District","","Hai Hau"
422,250,"VNM","Vietnam",40,"Nam Ð<U+1ECB>nh",422,"M<U+1EF9> L<U+1ED9>c","VN.ND.ML",NA,"","Huy<U+1EC7>n","District","","My Loc"
423,250,"VNM","Vietnam",40,"Nam Ð<U+1ECB>nh",423,"Nam Ð<U+1ECB>nh","VN.ND.ND",NA,"","Huy<U+1EC7>n","District","","Nam Dinh"
424,250,"VNM","Vietnam",40,"Nam Ð<U+1ECB>nh",424,"Nam Tr<U+1EF1>c","VN.ND.NT",NA,"","Huy<U+1EC7>n","District","","Nam Truc"
425,250,"VNM","Vietnam",40,"Nam Ð<U+1ECB>nh",425,"Nghia Hung","VN.ND.NH",NA,"","Huy<U+1EC7>n","District","","Nghia Hung"
426,250,"VNM","Vietnam",40,"Nam Ð<U+1ECB>nh",426,"Tr<U+1EF1>c Ninh","VN.ND.TN",NA,"","Huy<U+1EC7>n","District","","Truc Ninh"
427,250,"VNM","Vietnam",40,"Nam Ð<U+1ECB>nh",427,"V<U+1EE5> B<U+1EA3>n","VN.ND.VB",NA,"","Huy<U+1EC7>n","District","","Vu Ban"
428,250,"VNM","Vietnam",40,"Nam Ð<U+1ECB>nh",428,"Xuân Tru<U+1EDD>ng","VN.ND.XT",NA,"","Huy<U+1EC7>n","District","","Xuan Truong"
429,250,"VNM","Vietnam",41,"Ngh<U+1EC7> An",429,"Ðô Luong","VN.NA.DL",NA,"","Huy<U+1EC7>n","District","","Do Luong"
430,250,"VNM","Vietnam",41,"Ngh<U+1EC7> An",430,"Anh Son","VN.NA.AS",NA,"","Huy<U+1EC7>n","District","","Anh Son"
431,250,"VNM","Vietnam",41,"Ngh<U+1EC7> An",431,"C<U+1EED>a Lò","VN.NA.CL",NA,"","Thi xa","Township","","Cua Lo"
432,250,"VNM","Vietnam",41,"Ngh<U+1EC7> An",432,"Con Cuông","VN.NA.CC",NA,"","Huy<U+1EC7>n","District","","Con Cuong"
433,250,"VNM","Vietnam",41,"Ngh<U+1EC7> An",433,"Di<U+1EC5>n Châu","VN.NA.DC",NA,"","Huy<U+1EC7>n","District","","Dien Chau"
434,250,"VNM","Vietnam",41,"Ngh<U+1EC7> An",434,"Hung Nguyên","VN.NA.HN",NA,"","Huy<U+1EC7>n","District","","Hung Nguyen"
435,250,"VNM","Vietnam",41,"Ngh<U+1EC7> An",435,"K<U+1EF3> Son","VN.NA.KS",NA,"","Huy<U+1EC7>n","District","","Ky Son"
436,250,"VNM","Vietnam",41,"Ngh<U+1EC7> An",436,"Nam Ðàn","VN.NA.ND",NA,"","Huy<U+1EC7>n","District","","Nam Dan"
437,250,"VNM","Vietnam",41,"Ngh<U+1EC7> An",437,"Nghia Ðàn","VN.NA.NG",NA,"","Huy<U+1EC7>n","District","","Nghia Dan"
438,250,"VNM","Vietnam",41,"Ngh<U+1EC7> An",438,"Nghi L<U+1ED9>c","VN.NA.NL",NA,"","Huy<U+1EC7>n","District","","Nghi Loc"
439,250,"VNM","Vietnam",41,"Ngh<U+1EC7> An",439,"Qu<U+1EF3> Châu","VN.NA.QC",NA,"","Huy<U+1EC7>n","District","","Quy Chau"
440,250,"VNM","Vietnam",41,"Ngh<U+1EC7> An",440,"Qu<U+1EF3> H<U+1EE3>p","VN.NA.QH",NA,"","Huy<U+1EC7>n","District","","Quy Hop"
441,250,"VNM","Vietnam",41,"Ngh<U+1EC7> An",441,"Qu<U+1EF3>nh Luu","VN.NA.QL",NA,"","Huy<U+1EC7>n","District","","Quynh Luu"
442,250,"VNM","Vietnam",41,"Ngh<U+1EC7> An",442,"Qu<U+1EBF> Phong","VN.NA.QP",NA,"","Huy<U+1EC7>n","District","","Que Phong"
443,250,"VNM","Vietnam",41,"Ngh<U+1EC7> An",443,"Tân K<U+1EF3>","VN.NA.TK",NA,"","Huy<U+1EC7>n","District","","Tan Ky"
444,250,"VNM","Vietnam",41,"Ngh<U+1EC7> An",444,"Tuong Duong","VN.NA.TD",NA,"","Huy<U+1EC7>n","District","","Tuong Duong"
445,250,"VNM","Vietnam",41,"Ngh<U+1EC7> An",445,"Thái Hòa","",NA,"","Huy<U+1EC7>n","District","",""
446,250,"VNM","Vietnam",41,"Ngh<U+1EC7> An",446,"Thanh Chuong","VN.NA.TC",NA,"","Huy<U+1EC7>n","District","","Thanh Chuong"
447,250,"VNM","Vietnam",41,"Ngh<U+1EC7> An",447,"Vinh","VN.NA.VI ",NA,"","Than Pho","City","",""
448,250,"VNM","Vietnam",41,"Ngh<U+1EC7> An",448,"Yên Thành","VN.NA.YT",NA,"","Huy<U+1EC7>n","District","","Yen Thanh"
449,250,"VNM","Vietnam",42,"Ninh Bình",449,"Gia Vi<U+1EC5>n","VN.NB.GV",NA,"","Huy<U+1EC7>n","District","","Gia Vien"
450,250,"VNM","Vietnam",42,"Ninh Bình",450,"Hoa Lu","VN.NB.HL",NA,"","Huy<U+1EC7>n","District","","Hoa Lu"
451,250,"VNM","Vietnam",42,"Ninh Bình",451,"Kim Son","VN.NB.KS",NA,"","Huy<U+1EC7>n","District","","Kim Son"
452,250,"VNM","Vietnam",42,"Ninh Bình",452,"Nho Quan","VN.NB.NQ",NA,"","Huy<U+1EC7>n","District","","Nho Quan"
453,250,"VNM","Vietnam",42,"Ninh Bình",453,"Ninh Bình","VN.NB.NB",NA,"","Thi xa","Township","",""
454,250,"VNM","Vietnam",42,"Ninh Bình",454,"Tam Ði<U+1EC7>p","VN.NB.TD",NA,"","Thi xa","Township","","Tam Diep"
455,250,"VNM","Vietnam",42,"Ninh Bình",455,"Yên Khánh","VN.NB.YK",NA,"","Huy<U+1EC7>n","District","","Yen Khanh"
456,250,"VNM","Vietnam",42,"Ninh Bình",456,"Yên Mô","VN.NB.YM",NA,"","Huy<U+1EC7>n","District","","Yen Mo"
457,250,"VNM","Vietnam",43,"Ninh Thu<U+1EAD>n",457,"Bác Ái","VN.NT.BA",NA,"","Huy<U+1EC7>n","District","","Bac Ai"
458,250,"VNM","Vietnam",43,"Ninh Thu<U+1EAD>n",458,"Ninh H<U+1EA3>i","VN.NT.NH",NA,"","Huy<U+1EC7>n","District","","Ninh Hai"
459,250,"VNM","Vietnam",43,"Ninh Thu<U+1EAD>n",459,"Ninh Phu<U+1EDB>c","VN.NT.NP",NA,"","Huy<U+1EC7>n","District","","Ninh Phuoc"
460,250,"VNM","Vietnam",43,"Ninh Thu<U+1EAD>n",460,"Ninh Son","VN.NT.NS",NA,"","Huy<U+1EC7>n","District","","Ninh Son"
461,250,"VNM","Vietnam",43,"Ninh Thu<U+1EAD>n",461,"Phan Rang-Tháp Chàm","VN.NT.PR",NA,"","Thi xa","Township","","Phan Rang-Thap Cham"
462,250,"VNM","Vietnam",44,"Phú Th<U+1ECD>",462,"Ðoan Hùng","VN.PT.DH",NA,"","Huy<U+1EC7>n","District","","Doan Hung"
463,250,"VNM","Vietnam",44,"Phú Th<U+1ECD>",463,"C<U+1EA9>m Khê","VN.PT.CK",NA,"","Huy<U+1EC7>n","District","","Cam Khe"
464,250,"VNM","Vietnam",44,"Phú Th<U+1ECD>",464,"H<U+1EA1> Hoà","VN.PT.HH",NA,"","Huy<U+1EC7>n","District","","Ha Hoa"
465,250,"VNM","Vietnam",44,"Phú Th<U+1ECD>",465,"Lâm Thao","VN.PT.LT",NA,"","Huy<U+1EC7>n","District","","Lam Thao"
466,250,"VNM","Vietnam",44,"Phú Th<U+1ECD>",466,"Phú Ninh","VN.PT.PN",NA,"","Huy<U+1EC7>n","District","","Phu Ninh"
467,250,"VNM","Vietnam",44,"Phú Th<U+1ECD>",467,"Phú Th<U+1ECD>","VN.PT.PT",NA,"","Thi xa","Township","","Phu Tho"
468,250,"VNM","Vietnam",44,"Phú Th<U+1ECD>",468,"Tam Nông","VN.PT.TN",NA,"","Huy<U+1EC7>n","District","","Tam Nong"
469,250,"VNM","Vietnam",44,"Phú Th<U+1ECD>",469,"Thanh Ba","VN.PT.TB",NA,"","Huy<U+1EC7>n","District","","Thanh Ba"
470,250,"VNM","Vietnam",44,"Phú Th<U+1ECD>",470,"Thanh Son","VN.PT.TS",NA,"","Huy<U+1EC7>n","District","","Thanh Son"
471,250,"VNM","Vietnam",44,"Phú Th<U+1ECD>",471,"Thanh Thu<U+1EF7>","VN.PT.TT",NA,"","Huy<U+1EC7>n","District","","Thanh Thuy"
472,250,"VNM","Vietnam",44,"Phú Th<U+1ECD>",472,"Vi<U+1EC7>t Trì","VN.PT.VT",NA,"","Than Pho","City","","Viet Tri"
473,250,"VNM","Vietnam",44,"Phú Th<U+1ECD>",473,"Yên L<U+1EAD>p","VN.PT.YL",NA,"","Huy<U+1EC7>n","District","","Yen Lap"
474,250,"VNM","Vietnam",45,"Phú Yên",474,"Ðông Hòa","",NA,"","Huy<U+1EC7>n","District","",""
475,250,"VNM","Vietnam",45,"Phú Yên",475,"Ð<U+1ED3>ng Xuân","VN.PY.DX",NA,"","Huy<U+1EC7>n","District","","Dong Xuan"
476,250,"VNM","Vietnam",45,"Phú Yên",476,"Phú Hòa","VN.PY.PH",NA,"","Huy<U+1EC7>n","District","","Phu Hoa"
477,250,"VNM","Vietnam",45,"Phú Yên",477,"Sông C<U+1EA7>u","VN.PY.SC",NA,"","Huy<U+1EC7>n","District","","Song Cau"
478,250,"VNM","Vietnam",45,"Phú Yên",478,"Sông Hinh","VN.PY.SH",NA,"","Huy<U+1EC7>n","District","","Song Hinh"
479,250,"VNM","Vietnam",45,"Phú Yên",479,"Son Hòa","VN.PY.SO",NA,"","Huy<U+1EC7>n","District","","Son Hoa"
480,250,"VNM","Vietnam",45,"Phú Yên",480,"Tuy An","VN.PY.TA",NA,"","Huy<U+1EC7>n","District","",""
481,250,"VNM","Vietnam",45,"Phú Yên",481,"Tuy Hoa","VN.PY.TH",NA,"","Huy<U+1EC7>n","District","",""
482,250,"VNM","Vietnam",45,"Phú Yên",482,"Tuy Hoa","VN.PY.TT",NA,"","Thi xa","Township","",""
483,250,"VNM","Vietnam",46,"Qu<U+1EA3>ng Bình",483,"Ð<U+1ED3>ng H<U+1EDB>i","VN.QB.DH",NA,"","Than Pho","City","","Dong Hoi"
484,250,"VNM","Vietnam",46,"Qu<U+1EA3>ng Bình",484,"B<U+1ED1> Tr<U+1EA1>ch","VN.QB.BT",NA,"","Huy<U+1EC7>n","District","","Bo Trach"
485,250,"VNM","Vietnam",46,"Qu<U+1EA3>ng Bình",485,"L<U+1EC7> Th<U+1EE7>y","VN.QB.LT",NA,"","Huy<U+1EC7>n","District","","Le Thuy"
486,250,"VNM","Vietnam",46,"Qu<U+1EA3>ng Bình",486,"Minh Hóa","VN.QB.MH",NA,"","Huy<U+1EC7>n","District","","Minh Hoa"
487,250,"VNM","Vietnam",46,"Qu<U+1EA3>ng Bình",487,"Qu<U+1EA3>ng Ninh","VN.QB.QN",NA,"","Huy<U+1EC7>n","District","","Quang Ninh"
488,250,"VNM","Vietnam",46,"Qu<U+1EA3>ng Bình",488,"Qu<U+1EA3>ng Tr<U+1EA1>ch","VN.QB.QT",NA,"","Huy<U+1EC7>n","District","","Quang Trach"
489,250,"VNM","Vietnam",46,"Qu<U+1EA3>ng Bình",489,"Tuyen Hoa","VN.QB.TH",NA,"","Huy<U+1EC7>n","District","","Tuyen Hoa"
490,250,"VNM","Vietnam",47,"Qu<U+1EA3>ng Nam",490,"Ðông Giang","VN.QM.DG",NA,"","Huy<U+1EC7>n","District","","Dong Giang"
491,250,"VNM","Vietnam",47,"Qu<U+1EA3>ng Nam",491,"Ð<U+1EA1>i L<U+1ED9>c","VN.QM.DL",NA,"","Huy<U+1EC7>n","District","","Dai Loc"
492,250,"VNM","Vietnam",47,"Qu<U+1EA3>ng Nam",492,"Ði<U+1EC7>n Bàn","VN.QM.DB",NA,"","Huy<U+1EC7>n","District","","Dien Ban"
493,250,"VNM","Vietnam",47,"Qu<U+1EA3>ng Nam",493,"B<U+1EAF>c Trà My","VN.QM.BT",NA,"","Huy<U+1EC7>n","District","","Bac Tra My"
494,250,"VNM","Vietnam",47,"Qu<U+1EA3>ng Nam",494,"Duy Xuyên","VN.QM.DX",NA,"","Huy<U+1EC7>n","District","","Duy Xuyen"
495,250,"VNM","Vietnam",47,"Qu<U+1EA3>ng Nam",495,"H<U+1ED9>i An","VN.QM.HA",NA,"","Thi xa","Township","","Hoi An"
496,250,"VNM","Vietnam",47,"Qu<U+1EA3>ng Nam",496,"Hi<U+1EC7>p Ð<U+1EE9>c","VN.QM.HD",NA,"","Huy<U+1EC7>n","District","","Hiep Duc"
497,250,"VNM","Vietnam",47,"Qu<U+1EA3>ng Nam",497,"Nam Giang","VN.QM.NG",NA,"","Huy<U+1EC7>n","District","","Nam Giang"
498,250,"VNM","Vietnam",47,"Qu<U+1EA3>ng Nam",498,"Nam Trà My","VN.QM.NM",NA,"","Huy<U+1EC7>n","District","","Nam Tra My"
499,250,"VNM","Vietnam",47,"Qu<U+1EA3>ng Nam",499,"Núi Thành","VN.QM.NT",NA,"","Huy<U+1EC7>n","District","","Nui Thanh"
500,250,"VNM","Vietnam",47,"Qu<U+1EA3>ng Nam",500,"Phu<U+1EDB>c Son","VN.QM.PS",NA,"","Huy<U+1EC7>n","District","","Phuoc Son"
501,250,"VNM","Vietnam",47,"Qu<U+1EA3>ng Nam",501,"Phú Ninh","VN.QM.PN",NA,"","Huy<U+1EC7>n","District","","Phu Ninh"
502,250,"VNM","Vietnam",47,"Qu<U+1EA3>ng Nam",502,"Qu<U+1EBF> Son","VN.QM.QS",NA,"","Huy<U+1EC7>n","District","","Que Son"
503,250,"VNM","Vietnam",47,"Qu<U+1EA3>ng Nam",503,"Tam K<U+1EF3>","VN.QM.TK",NA,"","Thi xa","Township","","Tam Ki"
504,250,"VNM","Vietnam",47,"Qu<U+1EA3>ng Nam",504,"Tay Giang","VN.QM.TG",NA,"","Huy<U+1EC7>n","District","",""
505,250,"VNM","Vietnam",47,"Qu<U+1EA3>ng Nam",505,"Thang Bình","VN.QM.TB",NA,"","Huy<U+1EC7>n","District","","Thang Binh"
506,250,"VNM","Vietnam",47,"Qu<U+1EA3>ng Nam",506,"Tiên Phu<U+1EDB>c","VN.QM.TP",NA,"","Huy<U+1EC7>n","District","","Tien Phuoc"
507,250,"VNM","Vietnam",48,"Qu<U+1EA3>ng Ngãi",507,"Ð<U+1EE9>c Ph<U+1ED5>","VN.QG.DP",NA,"","Huy<U+1EC7>n","District","","Duc Pho"
508,250,"VNM","Vietnam",48,"Qu<U+1EA3>ng Ngãi",508,"Ba To","VN.QG.BT",NA,"","Huy<U+1EC7>n","District","","Ba To"
509,250,"VNM","Vietnam",48,"Qu<U+1EA3>ng Ngãi",509,"Bình Son","VN.QG.BS",NA,"","Huy<U+1EC7>n","District","","Binh Son"
510,250,"VNM","Vietnam",48,"Qu<U+1EA3>ng Ngãi",510,"Lý Son","VN.QG.LS",NA,"","Huy<U+1EC7>n","District","","Ly Son"
511,250,"VNM","Vietnam",48,"Qu<U+1EA3>ng Ngãi",511,"M<U+1ED9> Ð<U+1EE9>c","VN.QG.MD",NA,"","Huy<U+1EC7>n","District","","Mo Duc"
512,250,"VNM","Vietnam",48,"Qu<U+1EA3>ng Ngãi",512,"Minh Long","VN.QG.ML",NA,"","Huy<U+1EC7>n","District","",""
513,250,"VNM","Vietnam",48,"Qu<U+1EA3>ng Ngãi",513,"Nghia Hành","VN.QG.NH",NA,"","Huy<U+1EC7>n","District","","Nghia Hanh"
514,250,"VNM","Vietnam",48,"Qu<U+1EA3>ng Ngãi",514,"Qu<U+1EA3>ng Ngãi","VN.QG.QN",NA,"","Thi xa","Township","","Quang Ngai"
515,250,"VNM","Vietnam",48,"Qu<U+1EA3>ng Ngãi",515,"Son Hà","VN.QG.SH",NA,"","Huy<U+1EC7>n","District","","Son Ha"
516,250,"VNM","Vietnam",48,"Qu<U+1EA3>ng Ngãi",516,"Son Tây","VN.QG.SY",NA,"","Huy<U+1EC7>n","District","","Son Tay"
517,250,"VNM","Vietnam",48,"Qu<U+1EA3>ng Ngãi",517,"Son T<U+1ECB>nh","VN.QG.SN",NA,"","Huy<U+1EC7>n","District","","Son Tinh"
518,250,"VNM","Vietnam",48,"Qu<U+1EA3>ng Ngãi",518,"Tây Trà","VN.QG.TT",NA,"","Huy<U+1EC7>n","District","","Tay Tra"
519,250,"VNM","Vietnam",48,"Qu<U+1EA3>ng Ngãi",519,"Tu Nghia","VN.QG.TN",NA,"","Huy<U+1EC7>n","District","","Tu Nghia"
520,250,"VNM","Vietnam",48,"Qu<U+1EA3>ng Ngãi",520,"Trà B<U+1ED3>ng","VN.QG.TB",NA,"","Huy<U+1EC7>n","District","","Tra Bong"
521,250,"VNM","Vietnam",49,"Qu<U+1EA3>ng Ninh",521,"Ðông Tri<U+1EC1>u","VN.QN.DT",NA,"","Huy<U+1EC7>n","District","","Dong Trieu"
522,250,"VNM","Vietnam",49,"Qu<U+1EA3>ng Ninh",522,"Ð<U+1EA7>m Hà","VN.QN.DH",NA,"","Huy<U+1EC7>n","District","","Dam Ha"
523,250,"VNM","Vietnam",49,"Qu<U+1EA3>ng Ninh",523,"Ba Ch<U+1EBD>","VN.QN.BC",NA,"","Huy<U+1EC7>n","District","","Ba Che"
524,250,"VNM","Vietnam",49,"Qu<U+1EA3>ng Ninh",524,"Bình Liêu","VN.QN.BL",NA,"","Huy<U+1EC7>n","District","","Binh Lieu"
525,250,"VNM","Vietnam",49,"Qu<U+1EA3>ng Ninh",525,"Cô Tô","VN.QN.CT",NA,"","Huy<U+1EC7>n","District","","Co To"
526,250,"VNM","Vietnam",49,"Qu<U+1EA3>ng Ninh",526,"C<U+1EA9>m Ph<U+1EA3>","VN.QN.CP",NA,"","Thi xa","Township","",""
527,250,"VNM","Vietnam",49,"Qu<U+1EA3>ng Ninh",527,"H<U+1EA1> Long","VN.QN.HL",NA,"","Than Pho","City","","Ha Long"
528,250,"VNM","Vietnam",49,"Qu<U+1EA3>ng Ninh",528,"H<U+1EA3>i Hà","VN.QN.HH",NA,"","Huy<U+1EC7>n","District","","Hai Ha"
529,250,"VNM","Vietnam",49,"Qu<U+1EA3>ng Ninh",529,"Hoành B<U+1ED3>","VN.QN.HB",NA,"","Huy<U+1EC7>n","District","","Hoanh Bo"
530,250,"VNM","Vietnam",49,"Qu<U+1EA3>ng Ninh",530,"Móng Cái","VN.QN.MC",NA,"","Thi xa","Township","","Mong Cai"
531,250,"VNM","Vietnam",49,"Qu<U+1EA3>ng Ninh",531,"Tiên Yên","VN.QN.TY",NA,"","Huy<U+1EC7>n","District","","Tien Yen"
532,250,"VNM","Vietnam",49,"Qu<U+1EA3>ng Ninh",532,"Uông Bí","VN.QN.UB",NA,"","Thi xa","Township","","Uong Bi"
533,250,"VNM","Vietnam",49,"Qu<U+1EA3>ng Ninh",533,"Vân Ð<U+1ED3>n","VN.QN.VD",NA,"","Huy<U+1EC7>n","District","","Van Don"
534,250,"VNM","Vietnam",49,"Qu<U+1EA3>ng Ninh",534,"Yên Hung","VN.QN.YH",NA,"","Huy<U+1EC7>n","District","","Yen Hung"
535,250,"VNM","Vietnam",50,"Qu<U+1EA3>ng Tr<U+1ECB>",535,"Ða Krông","VN.QT.DA",NA,"","Huy<U+1EC7>n","District","","Da Krong"
536,250,"VNM","Vietnam",50,"Qu<U+1EA3>ng Tr<U+1ECB>",536,"Ðông Hà","VN.QT.DH",NA,"","Thi xa","Township","","Dong Ha"
537,250,"VNM","Vietnam",50,"Qu<U+1EA3>ng Tr<U+1ECB>",537,"C<U+1ED3>n C<U+1ECF>","VN.QT.CC",NA,"","Island","Island","","Con Co"
538,250,"VNM","Vietnam",50,"Qu<U+1EA3>ng Tr<U+1ECB>",538,"Cam L<U+1ED9>","VN.QT.CL",NA,"","Huy<U+1EC7>n","District","",""
539,250,"VNM","Vietnam",50,"Qu<U+1EA3>ng Tr<U+1ECB>",539,"Gio Linh","VN.QT.GL",NA,"","Huy<U+1EC7>n","District","",""
540,250,"VNM","Vietnam",50,"Qu<U+1EA3>ng Tr<U+1ECB>",540,"Hu<U+1EDB>ng Hóa","VN.QT.HH",NA,"","Huy<U+1EC7>n","District","","Huong Hoa"
541,250,"VNM","Vietnam",50,"Qu<U+1EA3>ng Tr<U+1ECB>",541,"H<U+1EA3>i Lang","VN.QT.HL",NA,"","Huy<U+1EC7>n","District","","Hai Lang"
542,250,"VNM","Vietnam",50,"Qu<U+1EA3>ng Tr<U+1ECB>",542,"Qu<U+1EA3>ng Tr<U+1ECB>","VN.QT.QT",NA,"","Thi xa","Township","","Quang Tri Township"
543,250,"VNM","Vietnam",50,"Qu<U+1EA3>ng Tr<U+1ECB>",543,"Tri<U+1EC7>u Phong","VN.QT.TP",NA,"","Huy<U+1EC7>n","District","","Trieu Phong"
544,250,"VNM","Vietnam",50,"Qu<U+1EA3>ng Tr<U+1ECB>",544,"Vinh Linh","VN.QT.VL",NA,"","Huy<U+1EC7>n","District","","Vinh Linh"
545,250,"VNM","Vietnam",51,"Sóc Trang",545,"Cù Lao Dung","VN.ST.CL",NA,"","Huy<U+1EC7>n","District","","Cu Lao Dung"
546,250,"VNM","Vietnam",51,"Sóc Trang",546,"Châu Thành","",NA,"","Huy<U+1EC7>n","District","","Chau Thanh"
547,250,"VNM","Vietnam",51,"Sóc Trang",547,"K<U+1EBF> Sách","VN.ST.KS",NA,"","Huy<U+1EC7>n","District","","Ke Sach"
548,250,"VNM","Vietnam",51,"Sóc Trang",548,"Long My","VN.ST.LM",NA,"","Thi xa","Township","",""
549,250,"VNM","Vietnam",51,"Sóc Trang",549,"Long Phú","VN.ST.LP",NA,"","Huy<U+1EC7>n","District","","Long Phu"
550,250,"VNM","Vietnam",51,"Sóc Trang",550,"M<U+1EF9> Tú","VN.ST.MT",NA,"","Huy<U+1EC7>n","District","","My Tu"
551,250,"VNM","Vietnam",51,"Sóc Trang",551,"M<U+1EF9> Xuyên","VN.ST.MX",NA,"","Huy<U+1EC7>n","District","","My Xuyen"
552,250,"VNM","Vietnam",51,"Sóc Trang",552,"Ngã Nam","VN.ST.NN",NA,"","Huy<U+1EC7>n","District","","Nga Nam"
553,250,"VNM","Vietnam",51,"Sóc Trang",553,"Thanh Trì","VN.ST.TT",NA,"","Huy<U+1EC7>n","District","","Thanh Tri"
554,250,"VNM","Vietnam",51,"Sóc Trang",554,"Vinh Châu","VN.ST.VC",NA,"","Huy<U+1EC7>n","District","","Vinh Chau"
555,250,"VNM","Vietnam",52,"Son La",555,"B<U+1EAF>c Yên","VN.SL.BY",NA,"","Huy<U+1EC7>n","District","","Bac Yen"
556,250,"VNM","Vietnam",52,"Son La",556,"M<U+1ED9>c Châu","VN.SL.MC",NA,"","Huy<U+1EC7>n","District","","Moc Chau"
557,250,"VNM","Vietnam",52,"Son La",557,"Mu<U+1EDD>ng La","VN.SL.ML",NA,"","Huy<U+1EC7>n","District","","Muong La"
558,250,"VNM","Vietnam",52,"Son La",558,"Mai Son","VN.SL.MS",NA,"","Huy<U+1EC7>n","District","","Mai Son"
559,250,"VNM","Vietnam",52,"Son La",559,"Phù Yên","VN.SL.PY",NA,"","Huy<U+1EC7>n","District","","Phu Yen"
560,250,"VNM","Vietnam",52,"Son La",560,"Qu<U+1EF3>nh Nhai","VN.SL.QN",NA,"","Huy<U+1EC7>n","District","","Quynh Nhai"
561,250,"VNM","Vietnam",52,"Son La",561,"Sông Mã","VN.SL.SM",NA,"","Huy<U+1EC7>n","District","","Song Ma"
562,250,"VNM","Vietnam",52,"Son La",562,"S<U+1ED1>p C<U+1ED9>p","VN.SL.SC",NA,"","Huy<U+1EC7>n","District","","Sop Cop"
563,250,"VNM","Vietnam",52,"Son La",563,"Son La","VN.SL.SL",NA,"","Thi xa","Township","","Son La"
564,250,"VNM","Vietnam",52,"Son La",564,"Thu<U+1EAD>n Châu","VN.SL.TC",NA,"","Huy<U+1EC7>n","District","","Thuan Chau"
565,250,"VNM","Vietnam",52,"Son La",565,"Yên Châu","VN.SL.YC",NA,"","Huy<U+1EC7>n","District","","Yen Chau"
566,250,"VNM","Vietnam",53,"Tây Ninh",566,"B<U+1EBF>n C<U+1EA7>u","VN.TN.BC",NA,"","Huy<U+1EC7>n","District","","Ben Cau"
567,250,"VNM","Vietnam",53,"Tây Ninh",567,"Châu Thành","VN.TN.CT",NA,"","Huy<U+1EC7>n","District","","Chau Thanh"
568,250,"VNM","Vietnam",53,"Tây Ninh",568,"Duong Minh Châu","VN.TN.DM",NA,"","Huy<U+1EC7>n","District","","Duong Minh Chau"
569,250,"VNM","Vietnam",53,"Tây Ninh",569,"Gò D<U+1EA7>u","VN.TN.GD",NA,"","Huy<U+1EC7>n","District","","Go Dau"
570,250,"VNM","Vietnam",53,"Tây Ninh",570,"Hòa Thành","VN.TN.HT",NA,"","Huy<U+1EC7>n","District","","Hoa Thanh"
571,250,"VNM","Vietnam",53,"Tây Ninh",571,"Tân Biên","VN.TN.TB",NA,"","Huy<U+1EC7>n","District","","Tan Bien"
572,250,"VNM","Vietnam",53,"Tây Ninh",572,"Tân Châu","VN.TN.TC",NA,"","Huy<U+1EC7>n","District","","Tan Chau"
573,250,"VNM","Vietnam",53,"Tây Ninh",573,"Tây Ninh","VN.TN.TN",NA,"","Thi xa","Township","","Tay Ninh"
574,250,"VNM","Vietnam",53,"Tây Ninh",574,"Tr<U+1EA3>ng Bàng","VN.TN.TR",NA,"","Huy<U+1EC7>n","District","","Trang Bang"
575,250,"VNM","Vietnam",54,"Thái Bình",575,"Ðông Hung","VN.TB.DH",NA,"","Huy<U+1EC7>n","District","","Dong Hung"
576,250,"VNM","Vietnam",54,"Thái Bình",576,"Hung Hà","VN.TB.HH",NA,"","Huy<U+1EC7>n","District","","Hung Ha"
577,250,"VNM","Vietnam",54,"Thái Bình",577,"Ki<U+1EBF>n Xuong","VN.TB.KX",NA,"","Huy<U+1EC7>n","District","","Kien Xuong"
578,250,"VNM","Vietnam",54,"Thái Bình",578,"Qu<U+1EF3>nh Ph<U+1EE5>","VN.TB.QP",NA,"","Huy<U+1EC7>n","District","","Quynh Phu"
579,250,"VNM","Vietnam",54,"Thái Bình",579,"Thái Bình","VN.TB.TB",NA,"","Thi xa","Township","","Thai Binh"
580,250,"VNM","Vietnam",54,"Thái Bình",580,"Thái Th<U+1EE5>y","VN.TB.TT",NA,"","Huy<U+1EC7>n","District","","Thai Thuy"
581,250,"VNM","Vietnam",54,"Thái Bình",581,"Ti<U+1EC1>n H<U+1EA3>i","VN.TB.TH",NA,"","Huy<U+1EC7>n","District","","Tien Hai"
582,250,"VNM","Vietnam",54,"Thái Bình",582,"Vu Thu","VN.TB.VT",NA,"","Huy<U+1EC7>n","District","","Vu Thu"
583,250,"VNM","Vietnam",55,"Thái Nguyên",583,"Ð<U+1ED3>ng H<U+1EF7>","VN.TY.DY",NA,"","Huy<U+1EC7>n","District","","Dong Hy"
584,250,"VNM","Vietnam",55,"Thái Nguyên",584,"Ð<U+1ECB>nh Hoá","VN.TY.DO",NA,"","Huy<U+1EC7>n","District","","Dinh Hoa"
585,250,"VNM","Vietnam",55,"Thái Nguyên",585,"Ð<U+1EA1>i T<U+1EEB>","VN.TY.DT",NA,"","Huy<U+1EC7>n","District","","Dai Tu"
586,250,"VNM","Vietnam",55,"Thái Nguyên",586,"Ph<U+1ED5> Yên","VN.TY.PY",NA,"","Huy<U+1EC7>n","District","","Pho Yen"
587,250,"VNM","Vietnam",55,"Thái Nguyên",587,"Phú Bình","VN.TY.PB",NA,"","Huy<U+1EC7>n","District","","Phu Binh"
588,250,"VNM","Vietnam",55,"Thái Nguyên",588,"Phú Luong","VN.TY.PL",NA,"","Huy<U+1EC7>n","District","","Phu Luong"
589,250,"VNM","Vietnam",55,"Thái Nguyên",589,"Sông Công","VN.TY.SC",NA,"","Thi xa","Township","","Song Cong"
590,250,"VNM","Vietnam",55,"Thái Nguyên",590,"Thái Nguyên","VN.TY.TN",NA,"","Than Pho","City","","Thai Nguyen City"
591,250,"VNM","Vietnam",55,"Thái Nguyên",591,"Võ Nhai","VN.TY.VN",NA,"","Huy<U+1EC7>n","District","","Vo Nhai"
592,250,"VNM","Vietnam",56,"Th<U+1EEB>a Thiên - Hu<U+1EBF>",592,"A Lu<U+1EDB>i","VN.TT.AL",NA,"","Huy<U+1EC7>n","District","","A Luoi"
593,250,"VNM","Vietnam",56,"Th<U+1EEB>a Thiên - Hu<U+1EBF>",593,"Huong Th<U+1EE7>y","VN.TT.HU",NA,"","Huy<U+1EC7>n","District","","Huong Thuy"
594,250,"VNM","Vietnam",56,"Th<U+1EEB>a Thiên - Hu<U+1EBF>",594,"Huong Trà","VN.TT.HR",NA,"","Huy<U+1EC7>n","District","","Huong Tra"
595,250,"VNM","Vietnam",56,"Th<U+1EEB>a Thiên - Hu<U+1EBF>",595,"Hu<U+1EBF>","VN.TT.HE",NA,"","Than Pho","City","","Hue City"
596,250,"VNM","Vietnam",56,"Th<U+1EEB>a Thiên - Hu<U+1EBF>",596,"Nam Ðông","VN.TT.ND",NA,"","Huy<U+1EC7>n","District","","Nam Dong"
597,250,"VNM","Vietnam",56,"Th<U+1EEB>a Thiên - Hu<U+1EBF>",597,"Phú L<U+1ED9>c","VN.TT.PL",NA,"","Huy<U+1EC7>n","District","","Phu Loc"
598,250,"VNM","Vietnam",56,"Th<U+1EEB>a Thiên - Hu<U+1EBF>",598,"Phú Vang","VN.TT.PV",NA,"","Huy<U+1EC7>n","District","","Phu Vang"
599,250,"VNM","Vietnam",56,"Th<U+1EEB>a Thiên - Hu<U+1EBF>",599,"Phong Ði<U+1EC1>n","VN.TT.PD",NA,"","Huy<U+1EC7>n","District","","Phong Dien"
600,250,"VNM","Vietnam",56,"Th<U+1EEB>a Thiên - Hu<U+1EBF>",600,"Qu<U+1EA3>ng Ði<U+1EC1>n","VN.TT.QD",NA,"","Huy<U+1EC7>n","District","","Quang Dien"
601,250,"VNM","Vietnam",57,"Thanh Hóa",601,"Ðông Son","VN.TH.DS",NA,"","Huy<U+1EC7>n","District","","Dong Son"
602,250,"VNM","Vietnam",57,"Thanh Hóa",602,"Bá Thu<U+1EDB>c","VN.TH.BT",NA,"","Huy<U+1EC7>n","District","","Ba Thuoc"
603,250,"VNM","Vietnam",57,"Thanh Hóa",603,"Bim Son","VN.TH.BS",NA,"","Thi xa","Township","",""
604,250,"VNM","Vietnam",57,"Thanh Hóa",604,"C<U+1EA9>m Th<U+1EE7>y","VN.TH.CT",NA,"","Huy<U+1EC7>n","District","","Cam Thuy"
605,250,"VNM","Vietnam",57,"Thanh Hóa",605,"Hà Trung","VN.TH.HT",NA,"","Huy<U+1EC7>n","District","","Ha Trung"
606,250,"VNM","Vietnam",57,"Thanh Hóa",606,"H<U+1EAD>u L<U+1ED9>c","VN.TH.HL",NA,"","Huy<U+1EC7>n","District","","Hau Loc"
607,250,"VNM","Vietnam",57,"Thanh Hóa",607,"Ho<U+1EB1>ng Hóa","VN.TH.HH",NA,"","Huy<U+1EC7>n","District","","Hoang Hoa"
608,250,"VNM","Vietnam",57,"Thanh Hóa",608,"Lang Chánh","VN.TH.LC",NA,"","Huy<U+1EC7>n","District","","Lang Chanh"
609,250,"VNM","Vietnam",57,"Thanh Hóa",609,"Mu<U+1EDD>ng Lát","VN.TH.ML",NA,"","Huy<U+1EC7>n","District","","Muong Lat"
610,250,"VNM","Vietnam",57,"Thanh Hóa",610,"Nông C<U+1ED1>ng","VN.TH.NC",NA,"","Huy<U+1EC7>n","District","","Nong Cong"
611,250,"VNM","Vietnam",57,"Thanh Hóa",611,"Nga Son","VN.TH.NS",NA,"","Huy<U+1EC7>n","District","","Nga Son"
612,250,"VNM","Vietnam",57,"Thanh Hóa",612,"Ng<U+1ECD>c L<U+1EA1>c","VN.TH.NL",NA,"","Huy<U+1EC7>n","District","","Ngoc Lac"
613,250,"VNM","Vietnam",57,"Thanh Hóa",613,"Nhu Thanh","VN.TH.NT",NA,"","Huy<U+1EC7>n","District","","Nhu Thanh"
614,250,"VNM","Vietnam",57,"Thanh Hóa",614,"Nhu Xuân","VN.TH.NX",NA,"","Huy<U+1EC7>n","District","","Nhu Xuan"
615,250,"VNM","Vietnam",57,"Thanh Hóa",615,"Quan Hóa","VN.TH.QH",NA,"","Huy<U+1EC7>n","District","","Quan Hoa"
616,250,"VNM","Vietnam",57,"Thanh Hóa",616,"Quan Son","VN.TH.QS",NA,"","Huy<U+1EC7>n","District","","Quan Son"
617,250,"VNM","Vietnam",57,"Thanh Hóa",617,"Qu<U+1EA3>ng Xuong","VN.TH.QX",NA,"","Huy<U+1EC7>n","District","","Quang Xuong"
618,250,"VNM","Vietnam",57,"Thanh Hóa",618,"S<U+1EA7>m Son","VN.TH.SS",NA,"","Thi xa","Township","","Sam Son"
619,250,"VNM","Vietnam",57,"Thanh Hóa",619,"Tinh Gia","VN.TH.TG",NA,"","Huy<U+1EC7>n","District","","Tinh Gia"
620,250,"VNM","Vietnam",57,"Thanh Hóa",620,"Th<U+1ECD> Xuân","VN.TH.TX",NA,"","Huy<U+1EC7>n","District","","Tho Xuan"
621,250,"VNM","Vietnam",57,"Thanh Hóa",621,"Thu<U+1EDD>ng Xuân","VN.TH.TN",NA,"","Huy<U+1EC7>n","District","","Thuong Xuan"
622,250,"VNM","Vietnam",57,"Thanh Hóa",622,"Thanh Hóa City","VN.TH.TH",NA,"","Than Pho","City","","Thanh Hoa"
623,250,"VNM","Vietnam",57,"Thanh Hóa",623,"Th<U+1EA1>ch Thành","VN.TH.TT",NA,"","Huy<U+1EC7>n","District","","Thach Thanh"
624,250,"VNM","Vietnam",57,"Thanh Hóa",624,"Thi<U+1EC7>u Hóa","VN.TH.TU",NA,"","Huy<U+1EC7>n","District","","Thieu Hoa"
625,250,"VNM","Vietnam",57,"Thanh Hóa",625,"Tri<U+1EC7>u Son","VN.TH.TS",NA,"","Huy<U+1EC7>n","District","","Trieu Son"
626,250,"VNM","Vietnam",57,"Thanh Hóa",626,"Vinh L<U+1ED9>c","VN.TH.VL",NA,"","Huy<U+1EC7>n","District","","Vinh Loc"
627,250,"VNM","Vietnam",57,"Thanh Hóa",627,"Yên Ð<U+1ECB>nh","VN.TH.YD",NA,"","Huy<U+1EC7>n","District","","Yen Dinh"
628,250,"VNM","Vietnam",58,"Ti<U+1EC1>n Giang",628,"Cái Bè","VN.TG.CB",NA,"","Huy<U+1EC7>n","District","","Cai Be"
629,250,"VNM","Vietnam",58,"Ti<U+1EC1>n Giang",629,"Cai L<U+1EAD>y","VN.TG.CL",NA,"","Huy<U+1EC7>n","District","","Cai Lay"
630,250,"VNM","Vietnam",58,"Ti<U+1EC1>n Giang",630,"Châu Thành","VN.TG.CT",NA,"","Huy<U+1EC7>n","District","","Chau Thanh"
631,250,"VNM","Vietnam",58,"Ti<U+1EC1>n Giang",631,"Ch<U+1EE3> G<U+1EA1>o","VN.TG.CG",NA,"","Huy<U+1EC7>n","District","","Cho Gao"
632,250,"VNM","Vietnam",58,"Ti<U+1EC1>n Giang",632,"Gò Công Ðông","VN.TG.GD",NA,"","Huy<U+1EC7>n","District","","Go Cong Dong"
633,250,"VNM","Vietnam",58,"Ti<U+1EC1>n Giang",633,"Gò Công Tây","VN.TG.GT",NA,"","Huy<U+1EC7>n","District","","Go Cong Tay"
634,250,"VNM","Vietnam",58,"Ti<U+1EC1>n Giang",634,"Go Cong","VN.TG.GC",NA,"","Thi xa","Township","",""
635,250,"VNM","Vietnam",58,"Ti<U+1EC1>n Giang",635,"M<U+1EF9> Tho","VN.TG.MT",NA,"","Than Pho","City","","My Tho City"
636,250,"VNM","Vietnam",58,"Ti<U+1EC1>n Giang",636,"Tân Phu<U+1EDB>c","VN.TG.TP",NA,"","Huy<U+1EC7>n","District","","Tan Phuoc"
637,250,"VNM","Vietnam",58,"Ti<U+1EC1>n Giang",637,"Tân Phú Ðông","",NA,"","Huy<U+1EC7>n","District","",""
638,250,"VNM","Vietnam",59,"Trà Vinh",638,"Càng Long","VN.TV.CL",NA,"","Huy<U+1EC7>n","District","","Cang Long"
639,250,"VNM","Vietnam",59,"Trà Vinh",639,"C<U+1EA7>u Kè","VN.TV.CK",NA,"","Huy<U+1EC7>n","District","","Cau Ke"
640,250,"VNM","Vietnam",59,"Trà Vinh",640,"C<U+1EA7>u Ngang","VN.TV.CN",NA,"","Huy<U+1EC7>n","District","","Cau Ngang"
641,250,"VNM","Vietnam",59,"Trà Vinh",641,"Châu Thành","VN.TV.CT",NA,"","Huy<U+1EC7>n","District","","Chau Thanh"
642,250,"VNM","Vietnam",59,"Trà Vinh",642,"Duyên H<U+1EA3>i","VN.TV.DH",NA,"","Huy<U+1EC7>n","District","","Duyen Hai"
643,250,"VNM","Vietnam",59,"Trà Vinh",643,"Ti<U+1EC3>u C<U+1EA7>n","VN.TV.TI",NA,"","Huy<U+1EC7>n","District","","Tieu Can"
644,250,"VNM","Vietnam",59,"Trà Vinh",644,"Trà Cú","VN.TV.TU",NA,"","Huy<U+1EC7>n","District","","Tra Cu"
645,250,"VNM","Vietnam",59,"Trà Vinh",645,"Trà Vinh","VN.TV.TV",NA,"","Thi xa","Township","","Tra Vinh"
646,250,"VNM","Vietnam",60,"Tuyên Quang",646,"Chiêm Hoá","VN.TQ.CH",NA,"","Huy<U+1EC7>n","District","","Chiem Hoa"
647,250,"VNM","Vietnam",60,"Tuyên Quang",647,"Hàm Yên","VN.TQ.HY",NA,"","Huy<U+1EC7>n","District","","Ham Yen"
648,250,"VNM","Vietnam",60,"Tuyên Quang",648,"Nà Hang","VN.TQ.NH",NA,"","Huy<U+1EC7>n","District","","Na Hang"
649,250,"VNM","Vietnam",60,"Tuyên Quang",649,"Son Duong","VN.TQ.SD",NA,"","Huy<U+1EC7>n","District","","Son Duong"
650,250,"VNM","Vietnam",60,"Tuyên Quang",650,"Tuyên Quang","VN.TQ.TQ",NA,"","Thi xa","Township","","Tuyen Quang"
651,250,"VNM","Vietnam",60,"Tuyên Quang",651,"Yên Son","VN.TQ.YS",NA,"","Huy<U+1EC7>n","District","","Yen Son"
652,250,"VNM","Vietnam",61,"Vinh Long",652,"Bình Minh","VN.VL.BM",NA,"","Huy<U+1EC7>n","District","","Binh Minh"
653,250,"VNM","Vietnam",61,"Vinh Long",653,"Bình Tân","",NA,"","Huy<U+1EC7>n","District","",""
654,250,"VNM","Vietnam",61,"Vinh Long",654,"Long H<U+1ED3>","VN.VL.LH",NA,"","Huy<U+1EC7>n","District","","Long Ho"
655,250,"VNM","Vietnam",61,"Vinh Long",655,"Mang Thít","VN.VL.MT",NA,"","Huy<U+1EC7>n","District","","Mang Thit"
656,250,"VNM","Vietnam",61,"Vinh Long",656,"Tam Bình","VN.VL.TB",NA,"","Huy<U+1EC7>n","District","","Tam Binh"
657,250,"VNM","Vietnam",61,"Vinh Long",657,"Trà Ôn","VN.VL.TO",NA,"","Huy<U+1EC7>n","District","","Tra on"
658,250,"VNM","Vietnam",61,"Vinh Long",658,"Vung Liêm","VN.VL.VU",NA,"","Huy<U+1EC7>n","District","","Vung Liem"
659,250,"VNM","Vietnam",61,"Vinh Long",659,"Vinh Long","VN.VL.VL",NA,"","Thi xa","Township","","Vinh Long"
660,250,"VNM","Vietnam",62,"Vinh Phúc",660,"Bình Xuyên","VN.VC.BX",NA,"","Huy<U+1EC7>n","District","","Binh Xuyen"
661,250,"VNM","Vietnam",62,"Vinh Phúc",661,"L<U+1EAD>p Th<U+1EA1>ch","VN.VC.LT",NA,"","Huy<U+1EC7>n","District","","Lap Thach"
662,250,"VNM","Vietnam",62,"Vinh Phúc",662,"Mê Linh","VN.VC.ML",NA,"","Huy<U+1EC7>n","District","","Me Linh"
663,250,"VNM","Vietnam",62,"Vinh Phúc",663,"Phúc Yên","VN.VC.PY",NA,"","Thi xa","Township","","Phuc Yen"
664,250,"VNM","Vietnam",62,"Vinh Phúc",664,"Tam Ðu<U+1EDD>ng","VN.VC.TU",NA,"","Huy<U+1EC7>n","District","","Tam Duong"
665,250,"VNM","Vietnam",62,"Vinh Phúc",665,"Tam Ð<U+1EA3>o","VN.VC.TA",NA,"","Huy<U+1EC7>n","District","",""
666,250,"VNM","Vietnam",62,"Vinh Phúc",666,"Tam Dao","VN.VC.TA",NA,"","Huy<U+1EC7>n","District","",""
667,250,"VNM","Vietnam",62,"Vinh Phúc",667,"Vinh Tu<U+1EDD>ng","VN.VC.VT",NA,"","Huy<U+1EC7>n","District","","Vinh Tuong"
668,250,"VNM","Vietnam",62,"Vinh Phúc",668,"Vinh Yên","VN.VC.VY",NA,"","Thi xa","Township","","Vinh Yen"
669,250,"VNM","Vietnam",62,"Vinh Phúc",669,"Yên L<U+1EA1>c","VN.VC.YL",NA,"","Huy<U+1EC7>n","District","","Yen Lac"
670,250,"VNM","Vietnam",63,"Yên Bái",670,"L<U+1EE5>c Yên","VN.YB.LY",NA,"","Huy<U+1EC7>n","District","","Luc Yen"
671,250,"VNM","Vietnam",63,"Yên Bái",671,"Mù Cang Trai","VN.YB.MC",NA,"","Huy<U+1EC7>n","District","","Mu Cang Chai"
672,250,"VNM","Vietnam",63,"Yên Bái",672,"Nghia L<U+1ED9>","VN.YB.NL",NA,"","Thi xa","Township","","Nghia Lo"
673,250,"VNM","Vietnam",63,"Yên Bái",673,"Tr<U+1EA1>m T<U+1EA5>u","VN.YB.TT",NA,"","Huy<U+1EC7>n","District","","Tram Tau"
674,250,"VNM","Vietnam",63,"Yên Bái",674,"Tr<U+1EA5>n Yên","VN.YB.TY",NA,"","Huy<U+1EC7>n","District","","Tran Yen"
675,250,"VNM","Vietnam",63,"Yên Bái",675,"Van Ch<U+1EA5>n","VN.YB.VC",NA,"","Huy<U+1EC7>n","District","",""
676,250,"VNM","Vietnam",63,"Yên Bái",676,"Van Yên","VN.YB.VY",NA,"","Huy<U+1EC7>n","District","","Van Yen"
677,250,"VNM","Vietnam",63,"Yên Bái",677,"Yên Bái","VN.YB.YB",NA,"","Huy<U+1EC7>n","District","","Yen Bai"
678,250,"VNM","Vietnam",63,"Yên Bái",678,"Yên Bình","#N/A",NA,"","Huy<U+1EC7>n","District","","Yen Binh"
